returnstring,75
algorithm,75
cstmt,75
bootstrap,75
index2,75
not-null,75
currentdate,75
setusername,75
rep,75
side,75
ceil,75
strictmode,75
scurrentline,75
xerces,75
date2,75
vals,75
receiver,75
json_data,75
apple,75
sqlstatement,75
obj2,75
q1,76
py,76
setcontentpane,76
settypeface,76
inputmethodmanager,76
criteriaquery,76
addpoint,76
typeface,76
beginindex,76
changelistener,76
solution,76
facebook,76
pom,76
health,76
yes_no_option,76
sequencer,76
hssfrow,76
filesize,76
getelementbyid,76
detail,76
cellscurrent,76
videoview,76
must,76
layout_weight,76
result2,76
fact,76
bt,77
es,77
ob,77
geor,77
bodypart,77
remaining,77
cardlayout,77
104,77
355,77
dtm,77
arg3,77
jobj,77
authscope,77
key1,77
csvreader,77
localcontext,77
consume,77
tbuffer,77
responsehandler,77
principal,77
dates,77
certificate,77
init-param,77
getkeystroke,77
validation,77
clients,77
name1,77
owner,77
setlong,77
wd,78
article,78
player2,78
chunk,78
execsql,78
addlast,78
_thread_blocked,78
edittext1,78
597,78
someobject,78
creating,78
addchild,78
magnolia,78
oauthparameters,78
quit,78
manifest,78
getpreferredsize,78
indent,78
ind,78
binarysearch,78
objectlist,78
actor,78
sety,78
glend,78
colour,78
millis,78
volume,78
initcomponents,78
processevent,78
hierarchy,78
utf8,78
pathname,78
gethostaddress,78
randomnumber,78
jtabbedpane,79
buttonpanel,79
ab,79
mb,79
styledtext,79
tempmap,79
criteriabuilder,79
unmarshal,79
gen,79
lon,79
glbegin,79
stm,79
bigint,79
await,79
centerx,79
lastindex,79
threadpool,79
again,79
connections,79
hostconfig,79
linkedhashset,79
even,79
setpreferredwidth,79
keygenerator,79
textappearance,79
manytoone,79
concurrentclassloader,80
lo,80
tp,80
uc,80
paper,80
preparecall,80
isassignablefrom,80
identifier,80
pagesize,80
hibernate-core-4,80
setminimumsize,80
below,80
urlparameters,80
getattributevalue,80
servlet-mapping,80
writeline,80
sendkeys,80
115,80
memoryreader,80
serial,80
getsupportfragmentmanager,80
tindex,80
addr,80
selectedfile,80
http11processor,80
same,80
auto,80
scheme,80
getdefaultinstance,80
xpathfactory,80
zxing,80
searchresult,80
iterable,80
68,81
gs,81
pl,81
movex,81
122,81
233,81
265,81
281,81
references,81
metrics,81
jpanel1,81
shuffle,81
selectitem,81
webapplicationimpl,81
odd,81
newwidth,81
jpeg,81
totalcholesterol,81
webappcontext,81
information,81
someclass,81
newdate,81
type_int_argb,81
checker,81
captureactivity,81
isrunning,81
combo,81
propagation,81
subtract,81
springlayout,81
viewport,81
decrypt_mode,81
getchildat,81
getattributes,82
pk,82
t0,82
numeric,82
mybutton,82
getstacktrace,82
please,82
months,82
assertnotnull,82
enqueue,82
credentials,82
gamelogic,82
dom,82
xmlrootelement,82
getitems,82
vehicles,82
bout,82
counts,82
turn,82
chatcolor,82
friend,82
hotspot,82
phase,82
samples,82
control,82
userinfo,82
encrypt,82
xyplot,82
gridwidth,82
pairs,82
si,83
content-type,83
1000000,83
202,83
winner,83
pathvariable,83
min_value,83
getextras,83
ibm,83
jvm,83
pin,83
jfreechart,83
rnd,83
parserconfigurationexception,83
arr2,83
geteventtype,83
cdata,83
colors,83
servletfileupload,83
currentfile,83
classcastexception,83
contextloader,83
inputs,83
printservice,83
credential,83
receivepacket,83
getnumber,83
replacement,83
addrule,83
exist,83
settimezone,83
orders,83
getrealpath,83
processor,83
food,84
sm,84
http11protocol,84
setobject,84
years,84
propertyname,84
-17,84
setchecked,84
130,84
172,84
roll,84
cmp,84
cms,84
gmt,84
intersects,84
lib,84
sbp,84
setx,84
zipoutputstream,84
addgroup,84
best,84
elementdata,84
glvertex2f,84
fileitem,84
generated,84
tabbedpane,84
geopoint,84
layout_inflater_service,84
imagename,84
trigger,84
testng,84
interval,84
complextype,85
98,85
ci,85
g1,85
fb,85
ts,85
httpmethod,85
getfirstchild,85
defaultcomboboxmodel,85
275,85
jtextarea1,85
monitor,85
getparentfile,85
emf,85
dataline,85
blah,85
templist,85
anchor,85
commands,85
imageurl,85
getheader,85
securityexception,85
filelist,85
lista,85
grades,85
springjunit4classrunner,85
mm,86
ns,86
namingexception,86
visit,86
getdeclaredfields,86
rownum,86
oldvalue,86
eager,86
loading,86
answers,86
dob,86
dto,86
writeint,86
nosuchelementexception,86
anim,86
x80,86
sqle,86
lower,86
pipeline,86
getport,86
jspservlet,86
textsize,86
rootelement,86
getbackground,86
responseentity,86
movies,86
theme,86
mysqlio,86
currentg,86
setlayoutdata,86
accesstoken,87
62,87
money,87
sethorizontalalignment,87
components,87
outputkeys,87
450,87
lname,87
nfe,87
setpositivebutton,87
pwd,87
seek,87
createentitymanager,87
callablestatement,87
frames,87
thenreturn,87
plain_message,87
resentity,87
data1,87
mediarecorder,87
converter,87
servletoutputstream,87
tagname,87
itemid,87
71,88
video,88
viewrootimpl,88
struts2,88
logout,88
231,88
httpparams,88
connectionsocket,88
targetnamespace,88
variables,88
jslider,88
panel2,88
teams,88
setgravity,88
notes,88
enemy,88
prepare,88
applicationdispatcher,88
returned,88
filloval,88
2048,88
need,88
ca,89
fn,89
pq,89
only,89
columnname,89
english,89
xpos,89
inventory,89
390,89
haserrors,89
connected,89
employees,89
hql,89
pic,89
sess,89
spec,89
defaultlistablebeanfactory,89
tweet,89
indexoutofboundsexception,89
objectname,89
doctype,89
authenticator,89
chararray,89
btnnewbutton,89
runwith,89
78,90
ga,90
yy,90
getapplication,90
140,90
210,90
webapp,90
getentitymanager,90
cellstyle,90
webdriver,90
valves,90
osw,90
annotations,90
salt,90
filter-name,90
setpadding,90
instantiationexception,90
blockjunit4classrunner,90
renameto,90
getemail,90
formdataparam,90
require,90
sqlerror,90
jsonstring,90
clientresponse,90
argument,90
jp,91
setup,91
generationtype,91
sound,91
surname,91
act,91
its,91
raster,91
been,91
jtextfield2,91
than,91
normalize,91
getpoint,91
hibernateexception,91
optional,91
action_view,91
gettextcontent,91
defined,91
manytomany,91
frequency,91
jaxbelement,92
outputtext,92
103,92
184,92
heap,92
animal,92
rsmd,92
alias,92
httpheaders,92
writeutf,92
wicket,92
newimage,92
setselected,92
junit4,92
commportidentifier,92
looper,92
isprime,92
quote,92
wifimanager,92
localhost,92
networkinterface,92
fm,93
ls,93
ta,93
hexstring,93
invocation,93
artist,93
exceptions,93
compressformat,93
actionevent,93
patient,93
dismiss,93
flags,93
getlong,94
invalidate,94
700,94
comparetoignorecase,94
avg,94
tv1,94
lifecycle,94
gridbaglayout,94
x509certificate,94
jasperreport,94
polygon,94
filedata,94
input2,94
input1,94
instances,94
gles20,95
82,95
ct,95
preference,95
getdocumentelement,95
servlethandler,95
settextsize,95
encrypted,95
109,95
111,95
label1,95
priorityqueue,95
millisecond,95
getwritabledatabase,95
multi,95
stock,95
statements,95
getstate,95
getend,96
go,96
recorder,96
arrayindexoutofboundsexception,96
family,96
socketexception,96
socketchannel,96
getsharedpreferences,96
searchtext,96
modelattribute,96
ints,96
origin,96
sync,96
twohyphens,96
framelayout,96
getcomponent,96
unlock,96
factor,96
addobject,96
wordlist,96
tilex,97
tiley,97
pc,97
vi,97
posx,97
posy,97
jmenu,97
postdelayed,97
referencedcolumnname,97
getwindow,97
dependencies,97
wall,97
setlistadapter,97
ontouchlistener,97
naming,97
keyadapter,98
currenttime,98
myobj,98
360,98
labels,98
network,98
getcolumnindexorthrow,98
fmt,98
addcolumn,98
schemafactory,98
old,98
orm,98
arr1,98
setoutputproperty,98
sign,98
bits,98
getlocalizedmessage,98
make,98
vehicle,98
wsdl,98
ae,99
c3,99
getuser,99
digits,99
mybytearray,99
myapp,99
480,99
processmouseevent,99
newfixedthreadpool,99
userservice,99
getcontenttype,99
vec,99
added,99
complete,99
lightweightdispatcher,99
readfile,99
bytesavailable,99
mimebodypart,99
stringbody,99
what,99
prime,99
singleton,99
progress,100
ic,100
redirect,100
marker,100
movie,100
uname,100
gray,100
starting,100
setopaque,100
repaintmanager,100
png,100
qty,100
datatype,100
inversejoincolumns,100
velocity,100
getaudioinputstream,100
phonenumber,100
setusecaches,100
aniking,100
filterchain,100
hasnextint,100
66,101
77,101
jarentry,101
alphabet,101
vertical,101
aux,101
myservice,101
ajax,101
button2,101
links,101
getnumericcellvalue,101
84,102
destream,102
hi,102
mc,102
verify,102
keystroke,102
docbuilder,102
tojson,102
tokenizer,102
inputtemp,102
bindingresult,102
platform,102
scroll,102
anarray,102
index1,102
menubar,102
dim,102
y-1,102
arg2,102
resultlist,102
pdfwriter,102
kind,102
sendredirect,102
resultsetmetadata,102
ciphertext,102
adview,102
management,102
javathread,102
filecontent,102
scheduler,102
lifecyclebase,102
getrequest,102
foreach,102
setrgb,102
74,103
getanswer,103
tasks,103
125,103
mcamera,103
httprequest,103
actions,103
dejavu,103
_id,103
keypair,103
setontouchlistener,103
sans,103
servletcontainer,103
song,103
bool,103
autowired,103
following,103
interrupt,103
alignment,103
feed,103
ac,104
ft,104
lt,104
sx,104
mouse,104
setfrom,104
putint,104
scheduleatfixedrate,104
documents,104
dointersectionprivilege,104
resttemplate,104
savefile,104
modelmap,104
webresource,104
compress,104
three,104
constraint,104
obj1,104
83,105
97,105
m2,105
getproperties,105
priority,105
policy,105
xmlfile,105
execution,105
doublevalue,105
cdumessage,105
us,106
jioendpoint,106
addresses,106
binding,106
getnodename,106
-20,106
progressdialog,106
loadurl,106
series,106
appender,106
applicationcontext,106
noclassdeffounderror,106
defaultbuttonmodel,106
mod,106
win,106
primary,106
boot,106
cert,106
imgproc,106
proguard,106
notify,106
recipienttype,106
apply,106
viewer,106
getdocument,107
gr,107
jc,107
105,107
setstatus,107
startindex,107
role,107
may,107
sid,107
createrow,107
getdeclaredfield,107
refresh,107
touri,107
date1,107
ignore,107
there,107
parsefloat,107
encrypt_mode,107
flip,108
projection,108
gone,108
jackson,108
512,108
defaultvalue,108
senddata,108
urlconn,108
thing,108
serializer,108
rowdata,109
setwidth,109
poll,109
240,109
dec,109
rpc,109
queryparam,109
getcause,109
reqentity,109
correct,109
pumpevents,109
getcolumnname,109
piece,109
settag,109
setdate,109
enterprise,109
cq,110
mydata,110
171,110
attrs,110
rule,110
configure,110
stringarray,110
temp1,110
mask,110
cd,111
listmodel,111
geturl,111
equal,111
classpath,111
listnode,111
prep,111
-23,111
pdfpcell,111
mcursor,111
candidate,111
capacity,111
getdescription,111
getlastname,111
windowmanager,111
browser,111
invalid,111
textview1,111
track,111
ypos,112
191,112
region,112
getparams,112
cls,112
jsonparser,112
ids,112
jjs,112
mgr,112
argb,112
rotation,112
categories,112
work,112
active,112
standardenginevalve,112
95,113
getstringcellvalue,113
dp,113
invocationtargetexception,113
mimetype,113
getitemid,113
addproperty,113
soapobject,113
payload,113
echo,113
87,114
et,114
copyof,114
consumer,114
postgresql,114
drawrect,114
webparam,114
pdf,114
transactio0_,114
addrow,114
keyfactory,114
2014,114
showconfirmdialog,114
sublist,114
longitude,115
userlist,115
350,115
selectquery,115
internaldofilter,115
destfile,115
meta,115
treenode,115
result1,115
content_uri,115
securerandom,115
p3,116
decimal,116
enr,116
enable,116
jarfile,116
rst,116
x-1,116
jsch,116
columncount,116
soap,116
text2,116
isdigit,116
tablelayout,116
people,116
pdfreader,116
sorted,116
setdata,116
tc,117
dbconnection,117
etc,117
ptr,117
http11,117
isconnected,117
lastmodified,117
created,117
normal,117
file1,117
section,117
tiles,118
getclassloader,118
px,118
ipaddress,118
getfirstname,118
gettag,118
160,118
setresizable,118
gender,118
mode_private,118
ext,118
tcp,118
connectionfactory,118
smallest,118
actionperformed,118
remote,118
unique,118
test1,118
getsimplename,118
getassets,118
requestfocus,118
geterrorstream,118
getcolor,118
sd,119
setautocommit,119
hasfocus,119
cat,119
dog,119
abstract,119
selector,119
drawbitmap,119
jtextfield1,119
actual,119
getelement,119
bd,120
pf,120
v4,120
connectivitymanager,120
south,120
dictionary,120
mockito,120
power,120
methodname,120
callable,120
implements,121
-28,121
110,121
168,121
hostname,121
spring,121
keyword,121
inputstring,121
getexternalcontext,121
digit,121
topic,121
1-8080-2,121
protectiondomain,121
96,122
groups,122
ctr,122
getdouble,122
getrequestdispatcher,122
stuff,122
characters,122
bs,123
http-localhost-127,123
createtextnode,123
jointable,123
rest,123
filenames,123
twitter,123
sec,123
enddate,123
tags,123
newtransformer,123
merge,123
67,124
tt,124
setsubject,124
numread,124
sslcontext,124
xsd,124
ready,124
lazy,124
addtab,124
latitude,124
const,124
urlstring,124
type_int_rgb,124
endpoint,124
param-value,124
param-name,124
applet,125
4096,125
mvc,125
nio,125
ssl,125
stderr,125
jradiobutton,125
getposition,125
javafx,125
compiler,125
west,125
ee,126
getpixel,126
102,126
arguments,126
modules,126
jcheckbox,126
comment,126
member,126
virtualfilterchain,126
endindex,126
jdbctemplate,126
sample,126
gettimezone,126
authentication,126
-27,127
xmlpullparser,127
setpassword,127
saxexception,127
bit,127
suite,127
coordinate,127
abstractapplicationcontext,128
fi,128
-18,128
difference,128
application_xml,128
msc,128
errorreportvalve,128
binary,128
constraints,128
deresource,128
uimanager,128
elementat,128
change,128
-0,129
goal,129
gridview,129
dbf,129
extension,129
listoffiles,129
step,129
team,129
extras,129
popup,129
mark,129
hasmoretokens,129
newarray,129
getlongitude,129
d2,130
full,130
getkeychar,130
setrenderinghint,130
getbody,130
stringentity,130
axis,130
getrowcount,130
agent,130
dialoginterface,130
79,131
180,131
setimagebitmap,131
hour_of_day,131
dbname,131
rec,131
rs1,131
panel1,131
getbyname,131
since,131
getnodevalue,131
admin,131
today,131
76,132
89,132
cl,132
cm,132
getprice,132
datestring,132
newstring,132
allocate,132
toreturn,132
like,132
operator,132
letters,132
contentstream,132
threads,133
f2,133
hm,133
v3,133
columnindex,133
servletcontext,133
192,133
condition,133
notificationmanager,133
tablemodel,133
jarray,133
zipinputstream,133
down,133
setlocationrelativeto,133
getlatitude,133
72,134
cp,134
ll,134
filein,134
griddata,134
getservletcontext,134
progressbar,134
rmi,134
xpp,134
bytearray,134
predicate,134
jasper,134
sortorder,134
retentionpolicy,134
addkeylistener,134
outer,134
addheader,134
getactioncommand,135
twitter4j,135
paths,135
mainpanel,135
createbitmap,135
bounds,135
combobox,135
reflectivemethodinvocation,135
affinetransform,135
information_message,135
lineend,135
marshaller,135
wrap,135
joincolumns,136
unmarshaller,136
off,136
mkdir,136
cont,136
enabled,136
entityutils,136
launcher,136
ar,137
eventhandler,137
bmp,137
eventtype,137
webmethod,137
mcontext,137
containerbase,137
each,137
bm,138
l2,138
ks,138
standardhostvalve,138
methods,138
onetomany,138
streamsource,138
plaintext,138
rs2,138
x01,138
generatedvalue,138
products,138
abstractbutton,138
trans,138
na,139
getaddress,139
getbean,139
packagename,139
readint,139
settextcolor,139
pid,139
action_up,139
swap,139
urls,139
setbackgroundresource,139
animation,139
paragraph,139
attachment,139
fail,139
reference,139
intercept,140
dispatch,140
horizontal,140
stat,140
datagramsocket,140
standardcontextvalve,140
newvalue,140
pointer,140
createcriteria,141
channels,141
yellow,141
101,141
schemalocation,141
fileutils,141
proceed,141
standardcontext,141
period,141
boxlayout,141
lp,142
radiobutton,142
your,142
delta,142
hand,142
callback,142
getchildnodes,142
accounts,142
mystring,142
nosuchalgorithmexception,142
basicdbobject,142
mymap,143
bottom,143
room,143
was,143
addpart,143
onclick,143
fromjson,143
qname,143
jasperprint,144
enum,144
prefs,144
myintent,144
xxx,145
isfile,145
bold,145
day_of_month,145
inetsocketaddress,145
mouseevent,145
2011,145
getbounds,146
vertices,146
getcontentresolver,146
defaultlistmodel,146
cr,147
n2,147
circle,147
getdefaulttoolkit,147
home,147
getusername,147
tohexstring,147
multipartentity,147
secretkey,147
initialize,147
httpstatus,148
zero,148
array2,148
basic,148
restrictions,148
mock,148
pivot,148
facesmessage,149
im,149
report,149
httpconn,149
rate,149
camobjcoord,149
text1,149
company,149
borderfactory,149
device,149
comparable,149
upload,150
cam,150
der,150
j--,150
livemedia,150
withvalue,150
url-pattern,150
stdin,150
vector3f,150
jsoup,150
zygoteinit,150
cn,151
filters,151
addcell,151
hssfcell,151
system32,151
services,151
author,151
protocol,151
91,152
so,152
peek,152
uses-permission,152
doprivileged,152
language,152
reply,152
photo,152
servlet-name,152
newfile,152
picture,153
given,153
script,153
getselectedrow,153
oracle,153
back,153
suit,153
commons,153
profile,153
numberformat,153
usedelimiter,153
setvalueat,153
dt,154
latlng,154
plaf,154
currentline,154
domsource,154
yes,154
setaccessible,154
treeset,154
mainframe,154
tm,155
registry,155
books,155
standardwrappervalve,155
but,155
myfile,155
import,155
cast,155
cancel,155
list2,155
phrase,156
sprite,156
guess,156
3000,156
floor,157
multiply,157
private,157
cells,157
zipfile,157
scores,158
stringreader,158
jpa,158
nullable,158
pre,158
rgb,158
hibernateutil,158
invoke0,158
dosomething,158
uuid,158
dist,158
settype,158
hssfworkbook,158
chart,158
xx,159
tempfile,159
commondatakinds,159
invokelater,159
rawquery,159
newlist,159
httpsurlconnection,159
startactivityforresult,160
a2,160
charsequence,160
fetchtype,160
n-1,160
course,160
operation,160
setdoinput,160
getintent,160
ioutils,160
running,160
85,161
getright,161
temp2,161
front,161
pr,162
pt,162
sr,162
any,162
mav,162
students,162
framework,162
nested,162
desc,162
elem,162
should,162
re,163
we,163
getleft,163
-24,163
have,163
quantity,163
alpha,163
raf,163
questions,163
varchar,163
middle,163
logging,163
delay,164
depth,164
translate,164
texture,164
cfg,164
visible,164
audioinputstream,164
tablecolumn,164
sessionimpl,164
mapview,164
span,165
does,165
could,165
edge,165
ie,166
getdate,166
retention,166
fieldname,166
value2,166
inputsource,166
solo,166
spinner,166
stage,166
audioformat,166
lv,167
r2,167
locations,167
rowcount,167
north,167
records,167
lists,167
li,168
nl,168
outfile,168
blob,168
invoice0_,168
dispatcher,168
linkedhashmap,168
desktop,168
querystring,169
startdate,169
largest,169
visited,169
getcolumnmodel,169
executorservice,169
-10,170
getselectedindex,170
setcontent,170
arg1,170
65,171
opensession,171
flowlayout,171
getpassword,171
accesscontroller,171
jdt,171
xmlelement,171
activity_main,171
enter,171
gl_texture_2d,171
pair,172
receive,172
setforeground,172
creategraphics,172
library,173
lat,173
unknownhostexception,173
sendmessage,173
treemap,173
mail,173
milliseconds,173
plot,174
-21,174
sender,174
memory,174
tail,174
plugins,174
validator,174
setmessage,175
plain,175
hex,175
tabhost,175
then,175
clientprotocolexception,175
coyote,176
inject,176
cookies,176
edit,176
illegalaccessexception,177
-13,177
parselong,177
value1,178
getsessionfactory,178
action_down,178
widget,178
trace,178
times,179
mimemessage,179
viewgroup,179
see,179
httpconnection,179
getdrawable,180
imagebutton,180
deployment,180
unit,180
eval,180
ischecked,180
j-1,181
webappclassloader,181
domain,181
coyoteadapter,182
grade,182
help,182
contacts,182
module,182
s3,183
addlistener,183
setbackgroundcolor,183
locationmanager,183
local,183
defaultmutabletreenode,183
rotate,183
specified,183
expr,183
getfilename,184
pool,184
initialcontext,184
boundary,184
remotetestrunner,184
n1,185
postmethod,185
webclient,185
frameworkservlet,185
-8,186
menuitem,186
-29,186
world,186
into,186
cascadetype,186
namespace,186
inner,186
list1,186
removeall,186
mv,187
shutdown,187
cnt,187
mkdirs,187
getbasecontext,188
showopendialog,188
getmetadata,188
abc,188
jsp,188
mortbay,188
x00,188
viewholder,188
getjsonobject,188
mapper,188
mxltestapp,188
transactional,188
filechannel,188
getcurrentinstance,189
prefix,189
dispatcherservlet,189
haus,189
fname,189
getgraphics,189
fileout,189
events,189
nbsp,189
dy,190
eq,190
fs,190
th,190
-22,190
getfile,190
grouplayout,190
common,190
rollback,191
up,191
mapping,191
columnnames,191
constructor,191
note,191
f1,192
mouseadapter,192
-7,193
hello,193
drawline,193
-6,194
l1,194
setnext,194
contenttype,194
range,194
-26,194
dispatcheventimpl,194
term,194
dispatchevent,194
objectmapper,194
envelope,194
persist,194
strategy,194
unsupportedencodingexception,195
sw,195
getchannel,195
createelement,195
orientation,195
forward,195
interceptor,195
toradians,195
cv,196
kb,196
abstractbeanfactory,196
txt,196
putstring,196
getchildren,196
seteditable,196
-25,197
startup,197
chain,197
y2,198
proc,198
gltexcoord2f,198
log4j,198
jmenuitem,198
getitem,198
ms,199
approve_option,199
exc,199
printstream,199
batch,199
800,200
deck,200
tablename,201
sub,201
country,201
isvalid,202
stringutils,202
127,202
paintcomponent,202
getcolumncount,202
ejb,202
tablerow,202
reverse,202
urlendformentity,202
dofinal,202
scrollpane,203
randomaccessfile,203
600,203
btn,203
outputfile,203
m1,204
border,204
screen,204
endtime,204
streamresult,204
illegalstateexception,204
resources,205
alarmmanager,205
cost,205
gettimeinmillis,205
listiterator,205
-30,206
place,206
rset,206
sqlitedatabase,206
timertask,206
utils,206
getlocation,206
average,207
balance,207
auth,207
tools,207
scope,207
zipentry,207
getcount,207
123,208
register,208
schema,208
getstatusline,208
i2,209
variable,209
signature,209
httpsession,209
city,209
array1,210
emp,210
str2,210
t2,211
futuretask,211
composite,211
serialport,211
retval,211
forname,211
d1,212
chocoears,212
aop,212
attr,212
swingutilities,212
limit,212
setlayoutparams,212
something,213
weight,213
fragment,213
zip,214
buttons,214
phone,214
getexternalstoragedirectory,215
classes,215
buff,215
buffersize,216
xstream,216
selenium,216
audiosystem,216
dx,217
gregoriancalendar,217
returnvalue,217
area,217
helper,217
getrgb,218
120,218
99,219
r1,219
getdefault,219
jtextarea,219
elementtype,219
stdout,219
href,220
filechooser,220
sock,220
getresultlist,220
op,221
runner,221
error_message,221
graph,221
handle,221
newdocumentbuilder,221
secretkeyspec,221
returnval,222
exp,222
hasmoreelements,222
movetonext,222
b2,223
speed,223
audio,223
getobject,223
ii,224
getelementsbytagname,224
toolkit,224
plugin,224
cards,225
lastindexof,225
contentpane,225
question,225
expression,225
maze,225
multipart,225
sp,226
vm,226
documentbuilder,226
compare,226
mode,226
parts,227
sharedpreferences,227
ftpclient,227
repository,227
contents,227
mac,228
sf,229
sequence,229
schedule,229
pixels,229
include,230
revalidate,230
days,230
checkbox,230
gravity,231
waitfor,231
ball,231
template,231
objects,231
timeout,231
el,232
gettitle,232
hour,232
space,232
gui,232
urlclassloader,232
onitemclicklistener,233
ast,233
executors,233
using,233
tf,234
getparent,234
spi,234
messages,234
button1,234
asserttrue,234
setonitemclicklistener,235
nextelement,235
arg,235
metadata,235
webelement,235
which,235
some,235
jsonexception,235
after,235
sentence,235
getcell,236
box,236
tab,236
abstractautowirecapablebeanfactory,236
urlenr,237
getcurrentsession,237
maven,237
parameter,237
wb,238
gridx,238
gridy,238
addmouselistener,238
jtable1,238
pixel,238
a1,239
i1,239
returns,239
shape,239
has,239
intvalue,239
jlist,240
insets,240
high,240
transform,240
grizzly,240
render,240
decimalformat,241
activitythread,242
you,242
myarray,242
fout,243
wr,243
getcolumn,243
dis,243
tile,243
internetaddress,243
63,244
evaluate,244
rank,244
xwork2,244
getwriter,244
block,244
me,245
getmethod,245
part,245
jaxbcontext,245
defaultactioninvocation,245
timezone,245
dll,246
createnewfile,246
isr,247
cols,247
additem,247
settime,247
loadclass,248
arraycopy,248
gbc,248
click,248
opensymphony,248
wrap_content,248
wait,248
getrow,249
details,249
loc,249
drawstring,249
done,249
entitymap,250
addcomponent,250
ois,250
ops,250
getresourceasstream,250
enumeration,250
empty,251
executor,252
am,253
iv,253
currentthread,253
sqrt,253
diff,253
will,253
program,253
vertex,254
-15,254
connector,254
interface,254
low,254
getcontext,254
direction,255
failed,255
entries,256
setdooutput,256
clip,256
webview,256
bb,257
v1,257
getselectedfile,257
bin,257
conf,257
fillrect,258
cc,258
setid,258
outstream,258
dao,259
global,259
reset,259
subject,259
api,260
tomcat,260
xsl,260
getimage,260
2012,261
play,262
square,262
duration,262
hashtable,262
nanotime,263
gettransaction,263
dataset,263
transformerfactory,263
before,263
requestparam,264
idx,264
layoutinflater,264
selected,264
none,264
setborder,264
car,265
clone,265
datagrampacket,265
setmodel,266
2000,266
parseexception,267
70,268
pane,268
jetty,268
use,268
letter,269
join,270
images,270
myobject,270
lookup,270
expected,270
se,271
createcell,271
rt,272
background,272
setcellvalue,273
cascade,273
88,274
submit,274
disconnect,274
-16,275
fin,275
valid,276
selection,276
glvertex3f,276
radius,276
minute,276
44,277
setadapter,277
x2,278
gl10,278
fetch,278
str1,278
warn,278
fstream,279
128,279
setvisibility,279
strings,279
setimageresource,279
openstream,280
jcomponent,280
stringwriter,280
faces,281
b1,282
v2,282
max_value,282
match,282
windows,282
pb,283
-14,283
timestamp,283
generator,283
250,284
facescontext,284
dev,284
loop,284
cannot,284
responsebody,284
player1,285
filterchainproxy,285
56,286
my,286
256,286
gridlayout,286
chars,286
pi,287
mainactivity,287
ans,288
mat,288
sin,288
findelement,288
addelement,288
contentvalues,288
y1,289
setrequestmethod,289
readobject,289
workbook,289
e2,290
arrayadapter,290
round,290
attributes,291
example,292
arg0,292
comp,292
c2,293
setfont,293
destination,293
bis,294
5000,295
inflater,295
throwable,295
finish,296
al,297
cache,297
convert,298
hasnextline,298
setlocation,298
getmodel,299
movetofirst,299
types,299
getactivity,300
64,301
containskey,301
worker,301
renderinghints,301
jcombobox,301
proxy,301
gdx,302
glassfish,302
newline,302
timeunit,303
validate,303
scene,303
o2,304
ui,304
minutes,304
cos,304
mediastore,304
regex,304
contact,304
90,305
o1,305
are,305
hours,305
keystore,306
sessionfactory,306
cookie,306
delegatingmethodaccessorimpl,306
base64,306
infile,307
attribute,307
isdirectory,307
inputfile,308
when,308
prev,309
endswith,310
chooser,310
setpreferredsize,310
parentrunner,311
textfield,311
num2,311
concat,311
pack,313
consumes,314
def,314
malformedurlexception,314
getstatus,315
bi,316
begin,316
javac,316
original,317
getsize,317
mediaplayer,317
camera,318
ws,319
separator,319
begintransaction,319
58,320
constants,320
starttime,320
itr,320
xsi,320
media,320
num1,320
newnode,321
processbuilder,322
concurrent,322
runners,322
players,323
mid,323
top,323
stop,323
instream,323
currentnode,323
ds,324
resp,324
classloader,324
getnext,325
de,326
fc,326
ftp,327
getcolumnindex,327
dest,327
price,327
mp,328
entitymanager,328
packet,328
account,328
application_json,328
47,329
setentity,330
distance,330
isselected,330
fields,331
users,331
55,332
p2,332
userid,333
37,334
49,334
provider,334
raw,334
notification,334
ss,335
mysql,335
httpservlet,335
angle,335
record,335
previous,335
servletexception,335
41,336
i--,338
errors,339
manager,340
alert,340
cur,341
writebytes,341
prop,343
appendchild,343
book,343
writeobject,343
54,344
transport,344
bufferedoutputstream,345
mylist,346
job,346
classname,346
exit_on_close,346
robot,347
suppresswarnings,348
nodes,349
clazz,350
getresponse,351
settings,351
pop,352
textarea,352
threadpoolexecutor,353
headers,354
clientsocket,355
cmd,355
div,356
myclass,357
move,357
addattribute,358
defaulttablemodel,359
charset,359
children,359
annotation,359
cb,360
x1,360
joincolumn,360
-12,361
transformer,361
contactscontract,361
lines,361
digest,363
dos,363
oos,363
lastname,363
used,363
messagedigest,363
52,364
rd,364
10000,364
numberformatexception,366
td,367
pm,368
getattribute,369
inflate,369
setname,370
modelandview,370
two,370
gettype,371
graphics,371
53,372
choice,373
addall,373
datasource,374
i-1,375
userinput,375
xpath,375
bytearrayinputstream,377
rand,377
seticon,377
folder,377
36,378
md,378
here,378
controller,378
httpentity,379
150,379
green,379
outputstreamwriter,379
datetime,380
getpath,380
nums,380
getvalueat,381
strline,383
29,384
bos,384
getaction,385
scale,385
nexttoken,385
gridbagconstraints,386
option,386
touppercase,386
-4,387
ip,387
inputline,388
bind,389
keys,389
category,389
console,389
df,390
evt,390
75,391
setattribute,391
getsystemservice,391
entryset,392
base,392
persistence,392
renderer,393
cs,395
firstname,395
57,396
setint,396
bitmapfactory,397
sdf,397
fill,397
pow,398
length-1,400
formatter,401
400,402
assert,402
future,402
80,403
tr,403
getlength,403
shell,403
bar,403
employee,405
33,406
fr,406
available,406
setvalue,407
38,409
rect,409
httpservletrequest,409
engine,411
stringtokenizer,411
pendingintent,411
seconds,412
convertview,412
database,413
settitle,413
more,413
setdefaultcloseoperation,413
criteria,414
aslist,414
assertequals,414
tv,415
-19,415
setcontenttype,415
-3,416
c1,417
nativemethodaccessorimpl,417
t1,418
extends,418
black,418
names,418
pass,419
alertdialog,419
listfiles,419
getresource,420
xs,422
keyset,422
amount,422
where,423
elements,424
jtable,424
now,424
documentbuilderfactory,424
keyboard,424
caused,425
symbol,425
project,426
pw,428
success,428
nextdouble,431
white,431
gwt,433
jersey,433
startswith,433
access,436
age,437
blue,437
jsonarray,437
ref,438
basicnamevaluepair,438
59,439
namevaluepairs,439
order,440
namevaluepair,440
nodelist,441
release,442
curr,447
holder,448
42,449
offset,449
length_short,450
lock,450
push,451
store,451
tobytearray,452
editor,453
bw,454
ok,454
env,454
length_long,454
ctx,457
dispose,460
accept,460
nullpointerexception,461
listener,461
-11,462
second,462
addview,463
parameters,464
iter,465
ioe,466
getselecteditem,467
applicationfilterchain,467
showinputdialog,468
icon,468
xff,468
send,470
inetaddress,470
43,471
abs,473
46,474
300,474
directory,475
link,475
draw,475
getsession,477
p1,478
points,478
score,478
45,479
card,480
search,480
jscrollpane,480
motionevent,481
classnotfoundexception,482
an,483
login,484
createquery,485
locale,485
eventqueue,487
baos,488
comparator,488
call,489
34,490
last,490
getdata,493
getcontentpane,493
getentity,494
httpservletresponse,494
28,496
setheader,496
tree,496
bigdecimal,497
bytebuffer,497
student,498
drawimage,499
task,499
can,501
relativelayout,501
adapter,502
columns,504
game,505
environment,505
48,506
no,506
description,506
filepath,507
getcontent,507
-9,509
fw,510
collection,511
bytesread,514
bunny,514
39,516
all,519
copy,519
26,521
dependency,521
instance,521
bundle,522
sheet,523
synchronized,525
setparameter,526
required,526
urlconnection,527
setproperty,529
or,530
warning,530
en,531
toarray,532
getparameter,532
save,535
pstmt,536
activity,536
setrequestproperty,539
datainputstream,540
listview,542
flag,542
application,544
customer,544
setenabled,547
function,547
eventdispatchthread,550
that,550
getabsolutepath,551
check,551
tx,552
getresources,553
app,554
-5,556
html,558
token,558
hashset,558
resource,559
objectinputstream,560
linkedlist,560
printf,564
dialog,567
day,568
tolowercase,568
pst,570
matrix,571
bufferedinputstream,571
clear,572
repaint,575
gc,578
executeupdate,578
req,579
junit,581
product,581
produces,581
tochararray,581
delete,582
tokens,583
serversocket,584
gson,585
rectangle,587
host,588
runtimeexception,589
exec,589
dataoutputstream,590
31,591
grid,591
getruntime,591
configuration,591
child,596
jdbc,599
center,601
queue,601
impl,602
red,602
insert,603
255,603
window,603
style,604
s2,607
encoding,607
on,608
dir,609
artifactid,613
groupid,616
other,618
one,619
var,620
linearlayout,625
channel,626
commit,626
dateformat,626
menu,627
load,631
loader,633
matches,634
objectoutputstream,635
httpget,638
be,641
500,642
parsedouble,644
short,645
borderlayout,646
transaction,649
setbackground,650
g2d,652
getapplicationcontext,652
filter,656
jfilechooser,657
jboss,658
-2,660
native,660
paint,661
words,663
setbounds,665
dimension,666
g2,667
defaulthttpclient,670
hash,674
та,676
35,680
ret,683
header,684
collections,687
setcolor,691
dofilter,691
with,691
60,695
gl11,697
graphics2d,697
public,698
biginteger,699
state,700
options,702
parser,702
illegalargumentexception,704
getproperty,706
jtextfield,707
body,708
beans,711
httpresponse,711
eclipse,714
setsize,714
command,717
continue,724
1024,725
22,726
putextra,726
props,726
config,729
rows,731
oncreate,731
email,731
support,732
em,736
do,739
sort,744
imageio,746
setlayout,746
lineto,748
page,752
27,753
package,753
savedinstancestate,754
numbers,755
swt,757
getsource,760
setcontentview,760
19,761
openconnection,762
layout_height,762
select,763
year,766
keyevent,766
layout_width,767
cal,768
getkey,781
mediatype,781
display,782
51,785
found,787
update,791
23,792
gl,795
answer,796
stream,803
compile,804
person,808
form,813
createstatement,817
2013,817
fis,819
json,820
canvas,822
imageicon,825
foo,826
s1,830
parent,837
open,838
stack,839
17,840
driver,843
drivermanager,843
handler,850
replaceall,855
exists,859
32,860
200,861
net,861
port,862
getlogger,867
filenotfoundexception,869
action,872
google,874
ch,876
head,876
18,877
group,879
replace,884
interruptedexception,884
fos,888
title,893
requestmethod,897
address,907
21,915
bytearrayoutputstream,916
swing,919
severe,920
exit,922
layoutparams,935
httpurlconnection,937
month,937
getint,938
container,946
results,947
find,950
imageview,954
startactivity,955
setonclicklistener,962
reflect,963
img,966
timer,967
board,967
maketext,972
vector,974
bean,975
currenttimemillis,980
bufferedwriter,982
void,983
cipher,984
preparestatement,991
items,994
pos,998
bytes,998
security,1000
compareto,1005
src,1009
min,1020
default,1020
40,1022
xmlns,1025
val,1027
onclicklistener,1029
font,1030
io,1033
connect,1036
time,1045
create,1047
24,1049
location,1050
init,1052
scan,1053
outputstream,1055
build,1057
gettime,1058
getoutputstream,1061
not,1063
actionlistener,1064
jar,1065
e1,1067
printwriter,1067
files,1067
character,1070
properties,1071
total,1071
newinstance,1072
indexof,1077
sleep,1085
os,1086
buf,1086
addactionlistener,1094
panel,1096
as,1098
gety,1104
right,1105
30,1106
edittext,1115
filewriter,1117
content,1121
uri,1122
component,1122
label,1144
equalsignorecase,1146
sc,1147
web,1148
msg,1149
servlet,1151
getx,1156
bitmap,1159
target,1159
preparedstatement,1161
debug,1162
cell,1162
1000,1166
getid,1168
len,1174
tmp,1174
jframe,1181
first,1193
point,1194
runnable,1195
drawable,1199
requestmapping,1199
and,1203
jsonobject,1203
isempty,1210
factory,1214
runtime,1220
getconnection,1225
arrays,1226
status,1235
end,1238
left,1241
it,1244
tag,1251
getheight,1251
trim,1253
params,1255
ps,1263
level,1267
player,1271
by,1277
14,1280
internal,1288
stringbuffer,1289
param,1291
from,1292
remove,1314
hibernate,1319
http,1321
getclass,1327
13,1330
process,1356
getvalue,1365
filereader,1365
getwidth,1369
jpanel,1373
executequery,1373
simpledateformat,1377
max,1382
res,1384
getbytes,1387
xml,1388
switch,1390
word,1397
core,1399
err,1400
num,1401
parse,1409
sqlexception,1411
setvisible,1426
db,1438
st,1443
instanceof,1446
sum,1452
flush,1458
jbutton,1458
post,1462
50,1466
httppost,1466
jlabel,1468
showmessagedialog,1468
entity,1471
field,1473
httpclient,1482
args,1482
25,1488
username,1493
awt,1494
catalina,1499
getinputstream,1530
service,1538
bufferedimage,1551
statement,1553
password,1557
root,1568
server,1588
show,1603
setstring,1613
hasnext,1617
doc,1622
col,1629
throws,1665
version,1668
property,1679
static,1680
15,1688
stmt,1693
arr,1695
document,1702
nextline,1710
main,1714
contains,1721
util,1725
counter,1733
unknown,1751
socket,1753
position,1757
sql,1758
column,1761
invoke,1767
16,1775
obj,1787
execute,1795
random,1804
values,1806
model,1824
hashmap,1835
builder,1844
number,1846
run,1867
split,1868
writer,1888
valueof,1889
of,1894
javax,1896
11,1919
resultset,1933
matcher,1975
cursor,2000
pattern,2008
fileoutputstream,2008
height,2031
layout,2076
getinstance,2096
inputstreamreader,2105
output,2108
20,2111
getmessage,2125
client,2128
toast,2133
width,2139
element,2139
frame,2140
entry,2158
format,2197
test,2233
12,2243
sun,2244
image,2287
springframework,2296
finally,2317
nextint,2318
con,2319
button,2320
100,2327
table,2329
textview,2334
br,2336
current,2355
super,2362
stringbuilder,2401
filename,2412
fileinputstream,2423
iterator,2474
lang,2508
reader,2510
inputstream,2518
event,2527
view,2537
substring,2564
sb,2569
buffer,2612
parseint,2621
charat,2680
user,2718
error,2781
logger,2806
message,2836
float,2848
item,2893
set,2941
joptionpane,2949
char,2951
array,2963
findviewbyid,3028
source,3031
to,3066
apache,3066
info,3083
conn,3105
type,3113
readline,3122
read,3129
path,3136
calendar,3199
query,3201
color,3213
throw,3217
node,3253
text,3361
math,3367
str,3401
context,3402
write,3424
request,3427
session,3452
index,3485
method,3512
start,3535
key,3566
is,3595
getname,3613
long,3813
thread,3869
connection,3924
date,3958
row,4097
map,4120
count,4179
getstring,4247
print,4273
boolean,4277
temp,4318
gettext,4411
settext,4541
com,4630
-1,4691
intent,4787
the,4802
10,4811
response,4854
rs,4913
case,4952
append,5024
data,5053
bufferedreader,5084
object,5150
line,5186
ex,5315
scanner,5345
break,5614
input,5632
next,5755
ioexception,5786
put,6035
url,6160
log,6357
byte,6580
android,6874
override,6921
equals,6983
value,7063
final,7168
double,7220
size,7317
arraylist,7632
result,8035
in,8098
exception,8197
printstacktrace,8220
integer,8495
close,8699
tostring,9042
class,9219
id,9393
org,10154
list,10233
name,10550
false,11067
while,11485
get,12881
file,13760
true,14857
this,15163
add,15536
length,15624
at,16488
try,18003
else,18542
catch,19306
java,23101
for,24488
null,33174
println,33463
return,38225
out,39900
system,41538
int,48918
string,51283
if,54857
new,95348
