return string,60
string,60
get string,60
= new,61
:,62
>,62
: return,62
new (,62
: : : : : : :,62
: : : return,62
: :,62
: : :,62
new ( ),66
string =,66
= new (,66
= new ( ),67
string ),67
: =,67
},68
} } },68
new ( ) ;,68
( ) :,69
( : ),69
new ( new ( ),70
: ( ) =,70
= new ( new (,70
} return ; },70
= new ( new ( ),71
( new (,71
( ) ; } } } },71
=,72
= ; },72
= new < >,72
= (,72
string ;,72
( = = ),72
} ;,72
= ( ),72
return ; },72
= = =,72
( = = = ),72
(,73
;,73
( null new ( ),73
( null ) ;,73
) ; },73
= new ( ) {,73
( ) ;,73
= new ( = new ( ) ) ;,73
} ) ;,73
} ( ) ;,73
return map ;,73
return ( ) ;,73
) ( ) ),73
} ( ),73
( new ( ),73
( ) ),73
( null,73
map map ;,73
: return ;,73
return ;,73
= > : ;,73
( ),73
( ;,73
( ) ) ) ),73
new ( ) {,73
( ) ; },73
= new ( new ( ) ) ;,73
( ) ; ;,73
return null ;,73
= new ) ;,73
( map ) ;,73
) (,73
) ;,73
= ; ; },73
= : ;,74
string = null ;,74
= new ( ) ;,74
( new ( ) map ) ;,74
get = new ( ) ;,74
( new ( ) ) ;,74
= new ( null ) ;,74
new ( ( ) ) ;,74
( null new ( ) ) ;,74
= ( ) > > ;,74
string = ;,74
= ( ) ; },74
= ( ) new ( ),74
return = null : ;,74
new ( ) ( ) ;,74
= ( new ( ) ) ;,75
= new ( ( ) null ) ;,75
return ( ) : ;,75
= new ( ) ( ) ;,75
return ( > = < = ),75
< > = new < > (,75
= ( ( ) ) > > ;,75
( > = < = ),75
= new ( ( ) ) ;,75
: ( null ) ; ;,76
} ( ( ) ) ;,76
string = new ( ) ( ) ;,76
return ( ) ( ) : ;,76
( ) = = ) {,76
new ( ) ) ;,76
( ( string ) ) ;,76
= ( string ) ( ) ;,76
return ( ) > = ;,76
( ( ) ) ; },76
( < > ) ;,77
> map = new map ( ) ;,77
( ) = ;,77
= null ;,77
= ( ( ) ) ;,77
= ( null ) ;,77
( ) ) ( ) ) ) ),77
( ) ) ( ) ),77
( length ) ;,77
= ( null null null ) ;,77
= ( ( ) ),77
} } ( ) {,77
= ( ( ),77
= ( ( (,77
= ;,77
get = ( ) ;,77
: ( ) ; ( ) ; ;,77
= ( ) ( ) ;,77
= ( ) ;,77
= ( ) (,77
( ( ) = = ) ),77
= ( (,77
= new ( length ) ;,77
= ( ) ( null ) ;,77
= ( ) get ( ) ;,77
< > = (,77
( > ( ) : ) ;,77
return new [ ] { } ; },77
( = ( ) ) ;,77
if ( = = =,77
( > = < ) ) {,79
( ( ),79
( ( ) ;,79
( ( ) ),79
) ( ( ),79
out = new ( new ( ) ) ;,79
= = ) {,79
( ) ( ),79
( ) ( ) ;,79
( new ( ) {,79
( ( ) ) ;,79
( ( null ) ) ;,79
( ) ; ( ) ;,79
string = ( ( ) ) ;,79
return ( ( ) ) ;,79
return ( ) ( ) ;,79
( null ) ( ) ;,79
( ) ) {,79
string = ( ) ( ) ;,79
out = new ( new (,79
= new string [ ] ;,80
new string [ ] { } ) ;,80
map < > =,80
} ( ) { ; },80
< } >,80
< = >,80
string = = = ;,80
} ( ) {,80
map < string > ) {,80
} ( ) { },80
< > ;,80
< > =,80
< > ),80
string string = ;,80
} ( ) { } ;,80
string = ( string ) ( ) ;,80
= = ;,80
: {,80
( ( ) ( ),81
= ) {,81
[ ] = ; },81
( ( < > ) ) ;,81
return ( ) = = ;,81
} if ( (,81
string = ( null ) ;,81
( ) {,81
string = ( ) (,81
string = ( ) ;,81
( ) < ),81
string [ ] ;,81
if ( > = < =,81
( ) ) ) ;,81
string = new string [ ] ;,81
( ( ) = = ) ;,81
= ( ( ( ) ),81
< < > > ;,81
return ( ) ( ( ) ;,81
( ( ( ( ) ( ),81
< string > ;,81
string = = = = = = = = ;,81
) ( null ) ;,81
( ) ) ;,81
) ) ;,81
( ( ( ( ),81
( < > ) {,82
map = ( < string > ) ( ) ;,82
out = new ( ( ) ) ;,82
= new [ ( ) ] ;,82
} ) ( ) ;,82
string = new string ( ) ;,82
} } ) ;,82
( ) { },82
= ( ) length ;,82
= ( length ) ;,82
= new [ ] ;,82
( ) ( new ( ) {,82
length = ( ) ;,82
< > = ( ) ( ) ;,83
( = = ) ;,83
< > = ( ( ) ) ;,83
return ( = = ) ;,83
= < get > ;,83
out = new ( ) ;,83
[ ] ( > = ),83
< >,83
[ ( ) ( ) ],83
< > = new ( ) ;,83
string [ ] = null ;,83
[ ] ( new ( ) {,83
< > < >,83
) { return ; } { return ; },83
= < : ;,83
if ( > (,83
< > = ;,83
< > = ( ) get ( ) ;,83
string = [ ] ;,83
[ ] [ ] ( new ( ) {,84
) ( ) ( ) ) {,84
( < > ) ( ) ;,84
} } ) ( ) ;,84
} if ( ( ) ),84
string = (,84
{ } ;,84
: ( ) = ( ) +,84
} {,84
= ( ) ; <,84
string = ( null,84
= ; } { if ( = = ),85
map < > = ( < > ) ( ) ;,85
if ( = = ) ( ),85
if ( = null ) ( ) ;,85
[ ( ) ] = ;,85
if ( < >,85
{ } } ;,85
= length ;,85
return = = = = ;,85
( ( ) ) {,85
= = = ;,85
println ( ) ;,85
= ( ) [ ] ;,85
length = ;,85
{ return ;,85
{ = ( ( ) ) ; },85
: = ;,85
map < > = ( map < > ) ( ) ;,85
+ = new ( ) ( ) ;,85
) {,85
= = = null ;,85
if = = {,85
( ) length ) ;,85
( ( ( ) ) ) ; },85
{ },86
[ ] =,86
if ( ( ( = ( ) ) ) ),86
( [ ] : ) ;,86
( ( ( ) > > ) ) ;,86
if ( = null {,86
{ = ;,86
[ ] = null ;,86
if ( ( ( ),86
( ) ( new < > ( ) {,86
if ( ( = ( ) ) = null ),86
[ ] = ;,86
= ( + ),86
[ ( ) ],86
= [ ] ;,86
= ( ( ( ) ) ) ;,86
if ( = = null ) new ( ) ;,87
if ( ( ) ) = ;,87
[ ] ;,87
[ ] (,87
if ( < =,87
string [ ] = {,87
( ( [ ] ) ) ;,87
if ( = null ),87
= > = + > = > > = ;,87
< =,87
< = < = < =,87
out = ( ) ;,87
{ new ( +,87
( new < > ( ) {,87
< > = ( ) ;,87
< ( ) ) ;,87
[ ] = [,87
if ( ( ( ) ) ),87
( ) ( [ ] ) ;,87
[ ] ( [ ],87
= new ( ( + null ) ) ;,87
+ = ( = > = = ) ( ) ;,87
if ( = = ( ) ),87
return [ ] ;,87
if =,87
if ( = ),87
[ ] [ ] ;,88
if ( ) ( ) ;,88
} if ( = ) {,88
string [ ] = { } ;,88
string [ ] [ ] = {,88
: [ ] = ; ;,88
= + ( ) ( ) ;,88
if ( ( ) = ),88
( ( ( ) ) ) ;,88
if ( ( ) {,88
[ ],88
= ( ) ( ( ) +,88
[ ] [ ],88
+ = ( ( ) ) ;,88
( ( ( ( ) ) ) ) ;,88
= ( + ( ( ( ),88
if ( ( ) = null ),88
if ( = = null ),88
return [ ] [ ] ;,88
if ( = = ),88
} if ( ) {,89
} if ( = = ) {,89
if ( > ) { = ; = ; },89
( + ) ( ) ;,89
if ( ( ) ),89
< > <,89
} if ( ( ) ) {,89
( + ( ) ) ;,89
return ( ) + ( ) ;,89
{ if ( = = ( ) ),89
if ( ( ) ) { ; },89
if ( = = = = = = = = ),90
if ( ( ( ) [ ] ) ),90
( out ) ;,90
if ( ),90
= ( int ) ( ) ;,90
string = ( [ ] ) ;,90
if ( ( ) ( ) {,90
{ = ( ) ;,90
[ ] = ( ) (,90
= ( ) + ( ) ;,90
= new ( ( ) + ) ;,90
( [ ] ( ) ) +,90
new < string > ( ) {,90
[ ] = { } ;,90
new ( + ) ;,90
= + (,90
( ( ) ( ) : ) ;,90
if ( ( ) = ) {,90
if ( ( ) ) return ;,90
if ( ( ) = null ) {,90
+ ( ),90
= ; ( + ) ; },90
if ( ( ( ) ) {,90
= ( +,90
< : = = >,90
return ( out ) ;,90
= ( ( ) + ) ;,90
for ( : new [ ] { } ),90
= ( ( + ) ) ;,90
( + ),90
if ( > ) { = ; },90
if ( ( ) ) ;,90
( ( ; ) + ) ;,91
[ ] [ ] = { { } { } { } { } { },91
string = ( ( ) + ) ;,91
if ( ( ( ( ) ( ) ),91
if ( = = = = ),91
{ if ( = = ),91
( + ( ),91
( < < > > int ),91
+ ( ) ) ;,91
if ( = = = = = = = = = = ) {,91
if ( length = = ),91
{ ( ) ; } ( ) {,91
if ( ( ) ( ) = null ),91
if ( = null ) {,91
= new ( ( ( ) ) ;,91
{ } { } { } { } { },91
if ( = ( ) ( = ) ),91
string ( int ),91
[ ] ( < ),91
if ( = ) {,91
= ( ( ) ( ) ) ;,91
[ ] = {,91
( new < string string > ( ) ) ;,91
= new ( + ) ;,91
if ( > ( ) ),91
= [ ],91
{ ( ) ; },91
[ ] ) {,91
if ( ( ( ) ( ) ) ),91
if ( > ) ( new string ( ) ) ;,93
{ = ; ( + ) ; } },93
int = ( ( ) ) ;,93
if ( = = ) = ;,93
int = ( ) ( ) ;,93
return ( ) null : ( ) ( ) ;,93
if ( <,93
( ( + ) ) ;,93
length,93
if ( ( ) ( ) ),93
string = ( + ) ;,93
if ( = = ) ;,93
return ( ( + ) ) ;,93
( ( ) + ) ;,93
if ( = = ) return ;,93
( + ( ( ) ) ) ;,93
if ( = = = ) ;,93
int = ( ( ( ) ),93
if ( = = = ) {,93
= ( int ) ( ( ),93
= new ( + ( ) ) ;,93
[ ] = [ ],93
if ( = = = = ) { ( ) ;,93
= ( int ) ( ),93
= ( ) ( ) ( ) [ ] ;,93
int = ( ( ) ( ),93
return string string,93
if ( ( ) ) {,93
if ( [ ] = = ),94
out = ;,94
if ( [ ] = = null ),94
return ( ( ) ( ) ) ;,94
< < = ;,94
= new [ ] [ ] ;,94
string [ ] = ( ) ( ) ;,94
if ( [ ] = [ ] = [ ] = ),94
} if ( ( ( ) ) ) {,94
int = ( ( length ) ) ;,94
( ( ( ) ( ) ) ) ;,94
if ( = = [ ] ),94
{ } <,94
= + ( ) ;,94
( ( ) ( ) ) ;,94
( [ ] null ) ;,94
if ( [ ] = = [ ] ),94
if ( > = length ) return new [ ] ;,94
if ( > ) = ;,94
( new < map < string string > > ( ) ) ;,94
= ( ) ( ) get ( ) ;,94
out = null ;,94
if ( ) {,94
( [ ] ) ;,94
if ( [ ] [ ] = = ),94
if ( map [ ] [ ] = = ),94
= ( + ) ;,94
new ( ) ( new ( ) {,94
if ( ( [ ] ) ),94
= out ;,94
+ = ( ) ;,94
if ( [ ] [ ] = = null ),94
string = [ ] ( ) ;,94
for ( = = ( ),94
= ( ) ( ) ( ) ;,94
= [ out ] ;,95
= new < string > ( ) ;,95
new ( new ( ) { ( ) {,95
= ( ( ) ( + ) ) ;,95
( ( ) ( [ ] ) ) ;,95
if ( < ( ) ) ;,95
( map [ ] [ ] ) ;,95
if ( = = ) {,95
= < = + > = > < = ;,95
( [ ] [ ] ) ;,95
if ( ( = = ) ( < ) ),95
if ( > ( ) ) {,95
if ( = = = = ) {,95
if ( ( ) < = ),95
if ( [ ] [ ] = ),95
if ( = = null ) {,95
= new ( [ ] ) ;,95
{ = ( int ) ( ( ),95
for ( [ ] = ; ( [,95
( + ) ;,95
( [ ] [ ] + ) ;,96
int = ( ( ),96
} if ( ( ) ( ) ) {,96
[ ] + = ;,96
{ = + ( ) ; },96
for ( : ( ) ),96
string [ ] = ( ) ;,96
< > = new < > ( ( ) ) ;,96
if ( ( ) < ),96
if ( [ ] = [ ] = [ ] = [ ] = ),96
[ + ] = ;,96
if ( map [ ] [ ] = map [ ] [ ] = map [ ] [ ] = map [ ] [ ] = ),96
+ + ( ( ) ),96
( ( ( ) + ) ) ;,96
if ( ) return ;,96
= ( int ) ;,96
= ( int ) (,96
if ( < ) = ;,96
if ( length = = length = = ),96
if ( [ ] = = [ ] = = ),96
if ( length = = ) {,96
< > = ( new < > ( ) ) ;,96
= new int [ ] ;,96
{,97
= < = + > = < = ;,97
( [ ] + ) ;,97
string = + ;,97
= ( ) ( ( ) ) ;,97
+ [ ] ) ;,97
+ ( ) ;,97
= new ( [ ] + ) ;,97
= ( ) + ;,97
if ( [ ] ),97
= [ ] [ ] ;,97
println (,97
if ( ( ( ( ) ) ) ) {,97
if ( < = ( ) ( ) < = ),97
( = new ( ) ) {,97
( ( ) length ( ) ) ;,97
int = ( ) = ( ) ;,97
( + (,97
( + ) ; {,97
if ( > < ( ) ),98
if ( = = ( ) ) {,98
if ( ( ( ) ) ) {,98
int = ( ) ( ) ( ) ;,98
if ( ( ) < ) {,98
( string [ ] ) {,98
if ( < ( ) ) {,98
= ( [ ] ) ;,98
int = ( ) ;,98
< > < = ( ) > <,98
string = [ ] [ ] ( ) ;,98
{ ( + ) ; },98
} int = ;,98
int = ( null ) ;,98
int = get ( ) ;,98
if ( [ ] = [ ] ),98
= [ ] ( ) ( ) ;,98
} if ( ( ) = ( ) ) {,98
string [ ] = new string [ ] { } ;,98
( ( ) ( ) + ) ;,98
return ( ( length ) ( ) length ) ;,98
( [ ] ( ) + +,98
if ( = = ) { new ( ) ; },99
for ( < string > : ( ) ),99
return + = ;,99
if ( [ ] = = [ + ] = = ),99
if ( = null ( ) ) {,99
= [ ] + ;,99
[ ] = + ;,99
if ( > = ( ) ) {,99
+ = ( ( ) ) + ;,99
= [ + ] ;,99
+ = ;,99
if ( = ( ) ) {,99
= ( ( [ ] [ ] ) ) ;,99
= ( + ( ) ) ;,99
} if ( < ) {,99
new ( new ( ) {,99
if ( ( ( ) ( ) ) ) {,99
= +,99
+ = length ;,99
for ( string : ( ) ),99
[ ] = ( ) ; },99
int = ( ) ( ) length ( ) ;,99
if ( ( +,99
if ( ( + ) = ) {,99
return ( ) = = ( ( ) ) ;,99
if ( [ ] > [ ] ),99
for ( < string string > : ( ) ),99
string [ ] = new string [ ] ;,99
if ( [ ] > ),99
if ( > ) ;,100
if ( > ) {,100
if ( > = ) + = ;,100
return ( +,100
+ ;,100
if ( < = ),100
( [ ] [ ] ) {,100
new ( + ( ) + ) ;,100
if ( ( ) = = ) { = ; },100
if ( [ ] ) ;,100
[ ( ) ( ) ( ) ],100
return + ;,100
int = ( (,100
( [ ] > = [ ] < ) ) {,100
( +,100
if ( = = ) { ( ) ; = ; },100
[ ] = ( ) ( ) ;,100
if ( ( [ ] > = [ ] < ),100
if ( < = ( ) ( ) < ),100
if ( ( ) ( ) ) {,100
( new ( + + ) ) ;,100
if ( ( + ) ),100
if ( = = ) { ( ) ; },101
+ = [ ] ;,101
out =,101
if ( [ ] > ) return [ ] ;,101
+ = [ ] ( ( ) ) ;,101
= ( int ) ( ( ) ) ;,101
string = + [ ] + ;,101
= [ ] ( ) ;,101
string = ( +,101
int = (,101
int = > : ( ) + ;,101
if ( > ),101
( [ ] ) {,101
= ( ) ( ( ( ( ) ) ) ) ;,101
if ( ( + ) ( ) ),101
+ ) ;,101
( [ ] + [ ] + [ ] + [ ] + [ ],101
= ( + + ) get ( ) ;,102
if ( ( ) = ( ) ) {,102
out ;,102
string string string ) {,102
return if,102
if return return,102
return ( int ) null ;,102
+ + ; = ;,102
int = ( ),102
int = ( ) ( [ ] ) ;,102
= ( ) + + ( ) ;,102
= + + string ;,102
( ) ( ( ) ) ;,102
{ ( null ) ;,102
string [ ] [ ] = ( ) ;,102
int [ ] [ ] = {,102
if,102
int = = ;,102
<,103
for ( : ) ( ( ) ) ;,103
if ( > = ) {,103
int [ ] = null ;,103
for ( < > : ),103
[ ] = new ( ( ) ) ;,103
if ( < ),103
= + ( ) + ;,103
if ( = = ) + + ;,103
if ( ( ) < ( ) ) {,103
[ ] ( new ( ) ) ;,103
if ( > ) [ ] [ ] = ;,103
} while ( ( ) ) ;,103
if ( ( = = ) ( = = ) ) ;,103
( ( [ ] ( ) ) ) ;,103
if ( [ ] < ),103
( ( ) + + ( ) ) ;,103
if ( > = < = ),103
if ( ( ( + ) ) ) {,103
if ( [ ] > = ),103
= + ;,103
+ = [ ] [ ] [ ] ;,103
int [ ] = ;,103
< < > > = new ( ) ;,103
= ( [ ] ( ) ) ;,103
= ( [ ] > [ ] ) ;,103
[ ] = new ( ) ( ) ;,103
if ( ( > = < ),103
+ = [ ] ( ) ;,103
+ = ( ) + ;,103
} while ( ) ;,103
+ [ ] + ) ;,103
= new < > ( ) ;,104
= ( ( int ) ( ( ) ) ) ;,104
new ( ( ) ( ) ),104
if ( < > ) return ;,104
= ( [ ] [ ] ) ;,104
int [ ] [ ] = new int [ ] [ ],104
if ( ( ) ( ( ) ) ),104
= ( new < > ( ) {,104
if ( ( > < = ) ) {,104
: = ( ) ( + [ ] ) ;,104
string = ( + + ) ;,104
[ ( ( + ) ) + + ] = ;,104
if ( ( ) = = ) ; {,104
( int ) ( ( ) ) ;,104
string [ ] = new string [ ( ) ] ;,104
( [ ] [ ] new ( ) ) ;,104
int [ ] = { } ;,104
( ( + ) + ) ;,104
for ( string : : ),104
( ( + + ) ) ;,104
+ = [ ] [ ] ;,104
string [ ] = { [ ] [ ] } ;,104
= ( int ) ( ( ) + ) ;,106
if ( ( < ) ( < ) ) {,106
if ( < ) {,106
if ( ( ) = = ) return ;,106
if ( ( ) ( + ) ) {,106
int [ ] ;,106
= + [ ] ( ) ;,106
( + ( ) + +,106
{ = + ;,106
[ ] [ ] [ ] = ;,106
if ( ( ( ) ( ) ) < = ) {,106
if ( ( + ) ( ) ) {,106
if ( [ + ] = ( [ ],106
string = + + [ ] + ;,106
[ ] = ( ) ;,106
[ ] ( ( ) ) ;,106
( [ ] ( ) ) ;,106
if ( > = ),106
if ( < > ) { ( ) ; },106
for ( < > = int ; = null ;,106
= + + [ ] ;,106
string = + + ;,106
[ ] [ ] = ;,106
if ( > < ) {,106
( + ( ) ( ) ) ;,106
= [ + + ] ;,106
return ( [ ] ( ) = = ) [ ] : null ;,106
[ ] ( ) ( ) ;,106
= + [ ] + ;,106
new ( [ ] [ ] + + ) ( ) ;,106
int [ ] [ ] = new int [ ] [ ] { { } { },106
} ( ) { ( ) ; },106
return ( + + (,106
int = ( ) ; int = ( ) ;,106
if ( < > < > ) {,106
map < > = new < > ( ) ;,107
+ = ( ) + + ( ) ;,107
return ( = = ) ( ( ) = = ( ) ) ;,107
string = ( ) + + ( ) ;,107
} if ( ( ) = = null ) {,107
while ( = = ( ) = = ( ) = = ),107
if ( < = ( ) ) {,107
( + ( ) + ) ;,107
[ ] = [ ] ; },107
if ( < > ),107
while ( ( = = = = ) ( = = ) ),107
if ( = = + = = + ) {,107
( ( ) ( ( ) ) ) ;,107
if ( < > < > ),107
for ( : ( ) {,107
= ( ) ( + [ ] ) ;,107
< > map = new < > ( ) ;,107
( ) { ( ) ; = ; },107
while ( = ) ;,107
string [ ] = { [ ] ( ) [ ] ( ) } ;,107
while ( = null ) ;,107
while ( ( = ( ) ) = null ),107
map < > map = new < > ( ) ;,107
} if ( ( ) = = ) {,107
if ( < > = ),107
while ( ( = ( ) ) = null,107
if ( < = > > ) {,107
= ( ) ( new string [ ] { } null null null ) ;,107
< > = new < > ( ) ;,107
if ( > < ),107
while ( [ ] [ ] ( ) ),107
( ( ) ( ( ) ) ;,107
= + [ ] [ ] ;,107
if ( > = < ) {,107
} while ( ( ) > ) ;,107
( + + ( ) ( ),107
( [ ] [ ] ( ) ) ;,107
= + + ) {,107
[ ] ( ) ( [ ] ) ;,107
int [ ] =,108
if ( > = < = ) {,108
string [ ] = { ( ) ( ) ( ) ( ) ( ) ( ) } ;,108
int = [ ] ;,108
[ ] = new ( ) ;,108
int = [ ] ( ) ;,108
} while ( [ ] ) ;,108
( = ; < = ; + + ) {,108
+ ( ) +,108
string = +,108
+ + [ + ( ) ] ;,108
if ( = = ( ) ) { ( ) ; },108
[ ] = + ( ) ;,108
int = ( +,108
if ( ( ( ) + ) < ) {,108
+ = [ ] [ ] + ;,108
int = ( [ ] ) ;,108
} if ( ( ) ( ) = = null ) {,108
int = length ;,108
= ( + +,108
int [ ] = ( null ) ;,108
int [ ] = ( ) ;,108
} if ( ( ) = = ( ) = = ) {,108
for ( : ),108
= [ ] ( + ) ;,108
int length = ;,108
= ( + + ) ;,109
if ( = ( ) ( ( ) ) ) {,109
if ( < > < ) {,109
new ( [ ] [ ] + + ),109
while ( = null ),109
for ( string : ),109
string = ( ( ) ) ( ) ( ) ;,109
[ ] = new ( + ( ) ) ;,109
( [ + + ] ) ;,109
while ( = ),109
= < < + ;,109
int = = = : ;,109
= new ( + ( ) + ) ;,109
int = = = = = = = = = ;,109
+ = [ ] + ;,109
while ( [ ] = ),109
( + + ( ) ( ) ) ;,109
while ( ) ;,110
string [ ] [ ] = new string [ ] [ ] ;,110
( null + [ ] + + [ ] +,110
int = = = = = = = = ;,110
if ( > > < = ) {,110
string = + ( ) + ;,110
= + + ;,110
for ( string : [ ] ) {,110
int = ( int ) ;,110
int = ( ) + ;,110
} while ( ( ) ( ) ) ;,110
while ( ( ( ( ) ( ) ),110
int = ;,110
( + ( ) null [ ] null ) ;,110
[ ] = new [ ] ;,110
+ = + [ ] [ ] ;,110
out + = ( ( ) ) ( ) ;,110
if ( ( ) < = ( ) ) {,110
( ) { ( ) ; },110
+ [ ] +,111
[ ] = new ( ),111
if ( < ) [ ] [ + ] = ;,111
+ + null ) ;,111
int = = = = = = = ;,111
while ( ( [ ] ) ),111
[ ] = + + ;,111
( + [ ] + + [ ] + + [ ] +,111
while ( ( ) ) ;,111
( + ( ) ( ) + ) ;,111
for ( : [ ] ) {,111
if ( = = ( ( = ) = = ( ) ) ),111
[ ] = ( [ ] + ),111
( ) { ( + ) ; },111
string = + + + ;,111
while ( [ ] ( ) ),111
for ( < string > : ) {,111
+ + ) ;,111
: + + ; + + ; ;,112
if ( ( ) ( ) = = ) {,112
[ ] = new [ ( ) ( ) ] ;,112
= new ( new ( ) {,112
for ( string string : ) {,112
while ( [ ] [ ] = = ),112
if ( [ ] = = [ ] ) + + ;,112
while ( [ ] = [ ] = ),112
( + ( ) + + ) ;,112
+ =,112
> int,112
string [ ] = new string [ ( int ) ] ;,112
( null + ( ) + + ) ;,112
( + + + ( ) ) ;,112
while ( ( ) = ( ) ),112
[ ] = new [ length ] ;,112
< < > > = new < < > > ( ) ;,112
( ( ) + + + ) ;,112
: if ( ( ) = ( ) ) { return ; } { + + ; + + } ;,112
for ( int = ; < (,112
for ( : ) ) {,112
if ( ( ) get ( ) = = ) {,112
string = + ( ) + + ( ) +,112
[ ] = { [ ] [ ] } ;,112
string = + ( ) + + ( ) ;,112
[ ] ( ) ) ;,112
int length = ( ) ;,112
int = ( ( ) ) ( ) ;,112
= ( int ) ( ( ) ( ) ) ;,112
string = ( + ( ) + ) ;,112
[ ] [ ] = ( int ) ( ( ( ) ) ) ;,112
if ( ( ) = = ( ) = = ),112
= [ ] + [ ] ;,112
if ( ( ) = = ) {,113
: = ( ) ( + [ ] + + ) ;,113
( [ ] ( ) + ) ;,113
if ( ( + ) = = ) {,113
while ( = = ) ;,113
( ( ( ( ) + ( ) + ) ) ) ;,113
= + ( ( [ ] [ ] ) ( [ ] [ ] ) ) ;,113
if ( ( ) ) ( ) ;,113
[ ] [ ] = ( int ) ( ( ) ) ;,113
if ( < = ) {,113
= [ int ],113
( null + + ) ;,113
= + ( ( ) ( ( ) + ) ) ;,113
if ( get ( ) = = ) {,113
= + ( ( ) ) ( ) ;,113
if ( ( ( ) ) ( [ ] ) ),113
( + + ) ;,113
[ ] ( ( + ) ) ;,113
( + + + ( ) ( ) ) ;,113
for ( < > : ) {,113
int = = = = = ;,113
int = [ + ] ( ) ;,113
[ ] = [ ] ;,113
for ( string : ) {,113
+ = + ;,113
if ( ( ) < ( + + ) ) {,114
if ( ( ) = = ( ) ) {,114
[ ] = new [ ( int ) ( ) ] ;,114
= + ( + + ) ;,114
( [ ] [ ] ( [ ] [ + ] ) ) ;,114
[ ] = ( ) ( [ ] ) ;,114
[ ] = new ( ) {,114
} while ( ( ) ( ) = = ) ;,114
} while ( = = ),114
+ ( ) + + ) ;,114
} while ( = = null ( ) = = null ) ;,114
if ( > ( ) = = ),114
( new string [ ] { ( ) } ) ;,114
= ( + + + ) ;,114
( [ ] + + ) ;,114
} if ( > ( ) ) {,114
: while ( ( ) ) {,114
if ( ( ) > ( ) ) {,114
if ( ( ) = = ( ) = = ) {,114
[ ] = ( [ ] ) ( ) ;,114
while ( ( ) ( ) ),114
+ + ) {,114
= ( ( ) ) ( null ) ;,115
while ( ( ) = null ),115
if ( ( ( ) = = ( ) ),115
= ( ( ) ) get ( ) ;,115
if ( ( ) ( ) ) new ( ) ;,115
if ( ( ) ( ) = = ),115
} while ( ( = = = = ) [ ] [ ] ( ) = = ) ;,115
if ( ( ) = = ( ) ),115
( ) ( ( + ) ( ) ) ;,115
[ ] [ ] = new ( ) ;,115
= + + + ;,115
if ( [ ] ) + + ;,115
= ( ( ) ) ( ) ;,115
: [ ] ( + ) ;,115
string = + + +,115
while ( = ( ) ),115
while ( ( ) = null ) {,115
while ( ) { },115
map [ ] [ ] + + ;,115
[ ] [ ] = ( ) ;,115
while ( ( ) = ),115
while ( ( ) = ) {,115
while ( ( ) ( ) ) ;,115
[ ] = ( [ ] ( [ ] length ( ) ) ) ;,115
[ ] [ ] + + ;,115
< > = ( ( ) ) ( ) ( ) ;,116
( + + + ( ) [ ] ) ;,116
[ ] = ( [ ] ) ; },116
for ( string [ ] : [ ] ) {,116
int = ( ( ) get ( ) + ) ;,116
[ ] [ ] = ( ) ( [ ] [ ] + ) ;,116
if ( [ ] = [ ] ) + + ;,116
( + ( ) ) ( ) ;,116
+ = ( ) + + ( ) ( ) ;,116
= + +,116
if ( ( ) ( ) > = ) {,116
int =,116
if ( [ ] ( ) ) = ;,116
int ),116
for ( : ) {,116
[ ] = [ ] [ ] ;,116
if ( ( = = ) = null = null ),117
[ ] = [ ] ( ) ;,117
[ ] = ( ) ( [ ] ) ; <,117
= ( ) ( ) + ( ) ( ) ;,117
if ( ( ) < ( ) > ) {,117
if ( ( ( ) ) ( ) ) {,117
while ( ( ) = = ),117
( + [ ] ( ) ) ;,117
if ( ( ) ( ) ) ( ) ;,117
if ( ( ) > ( ) ),117
while ( = null ( ) = null ),117
[ ] = new [ ( ) ] ;,117
( ( ) + ( ) ) ( ) ;,117
if ( = null ( ) > ) {,117
( + +,117
if ( ( ( ) ) > ) {,117
[ ] = new [ + ] ;,119
if ( ( ) > ) {,119
int = + ( ( ) ( ) ) ( ) ;,119
for ( int = ; > = ; ),119
= + + + ( ) ( ) + + + ;,119
[ ] ( [ ] ) ;,119
= + + +,119
( + ( ) + + ( ) + +,119
+ + [,119
( ( ( ) ) + + ( ( ) ) ) ;,119
( + + +,119
: = ( ) ( + [ ] + + + ) ;,119
if ( [ ] ( ) = [ ] ( ) ),119
( [ [ ] ] ( ) + + [ [ ] ] ( ) ) ;,119
if ( ( ( ) ) ( ) ),119
( + + + + ( ) ) ;,119
if ( [ ] < = [ ] > = ),119
( + + + ) ;,119
( + ( + ) + + ( + (,119
int = = = ;,119
( ( ) ( ) ) ( [ ] ) ;,119
if ( > ) { = ; = ; } if ( > ) { = ; = ; } if ( > ) { = ; = ; } if ( > ) { = ; = ; },119
while ( ( + ) = ) {,119
while ( [ ] = ) {,120
[ ] = new ( [ ] ) ;,120
[ ] = ( [ ] ) ;,120
+ + ;,120
( ( + ) ( + ) ) ;,120
( ( ) ( ) ) ( [ ] [ ] ) ;,120
if ( ( = = null ) ( ( ) = = ) ),120
while ( ( ) ) {,120
if ( [ ] = [ ( ) ] ) return ;,120
( + ( + ) ) ;,120
( [ ] ( ) + + [ ] ( ) ) ;,120
while ( = = = = = = ),120
if ( ( ) ( ) > ),120
for ( string [ ] : ),120
string = ( + ( + ) + ) ;,120
= ( + ( ( ) + + ) ) ;,120
return ( [ ] ) + [ ] ;,120
map < [ ] > = new < [ ] > ( ) ;,121
[ ] + = [ ] ;,121
= + [ + ] [ ] ;,121
if ( ( [ ] ( ) [ ] ( ) ) < = ),121
if ( = = null ( ) get ( ) ( ) < ) {,121
for ( = ; < ; + + ) ;,121
while ( ( ) ),121
( + ( ( ) ) ( ) ) ;,121
< while ( ( [ ] ) ) + + ;,121
} while ( = ( + ) ) ;,121
+ + + ) ;,121
< [ ] > = new < [ ] > ( ) ;,121
int = ( [ ] > > ) ( [ ] > > ) ( [ ] > > ) ( [ ] > > ) ( [ ] > > ) ( [ ] > > ) ( [ ] > > ) ;,121
while ( > [ ] > = ),121
while ( ( [ ] ) ) + + ;,121
[ ] = ( [ + ] ) ;,121
( + ( ) + + ( ) ) ;,121
+ = + ( + ) + ;,121
while ( ( ) ( ) ) {,121
while ( ( ( ) ) ) {,121
[ ] + + ;,121
( + ( ) + + + ) ;,121
( + + [ ] ) ;,122
} while ( = = = = ) ;,122
} if ( > = = ) {,122
int = ( ( + ) ) ;,122
( + + + + + ) ; } },122
( + [ ] [ ] ) ;,122
if ( ( ) = = ),122
+ = + + + ;,122
( ( ) ( ) + + ( ) ( ) + ) ;,122
int = ( int ) ( ( ( ) ) ) ;,122
( + [ ] + ) ;,122
if ( ( + ) > ) {,122
if ( < ) [ + ] [ ] = ;,122
[ ] [ ] = [ ] ;,122
if ( ( ) = = null ),122
( + + + ( ) ( ) + + ) ;,122
( ( [ ] ) ) ( ) ;,122
if ( [ ] ( ) ( ) ),122
= new ( new ( new ( ( ) + + + + ) ) ) ;,122
while ( < ( ) = = ( ) = = ),122
[ ] [ ] = new [ ] [ ] ;,122
if ( [ ] ( ) ( ) < ),122
while ( ),122
int = ( int ) ( ( ) ) ;,122
if ( ( ) length ( ) > ),122
[ ] = ( [ + + ] ) ;,123
( + [ ] ) ;,123
( int [ ] int int ),123
[ ] = [ + ] ;,123
( ( ) ) ( ) ; ;,123
( ( ) ) ( ) ;,123
[ ] [ ] [ ] = new [ ] [ ] [ ] ;,123
while ( = ( ) ) {,123
( ( ) ) ( null ) ;,123
[ ] ( + ) ;,123
( + ( + ) + ) ;,123
( ( ) ( ) + ( ) + ) ;,123
+ + + ;,124
( + + + [ ] ) ;,124
int = + ;,124
[ ] [ ] = new [ ] [ [ ] length ] ;,124
+ = ( int int ),124
( ( ) ( [ ] ) ) ( ) ;,124
for ( int = < ; + + ) {,124
[ ] [ ] = ( [ ] ) ;,124
while ( < ) { + = ; },124
= ( ) ( + + + + + + ) ;,124
( ) ( ( + ( ) ( ) + ) ) ;,124
while ( ( ) > ),124
int out ;,124
if ( ( + > = + < ) ( + > = + < ) ),124
( [ ] + + [ ] ) ;,124
= ( + + + + ) ;,124
while ( ( = ( ( ) ) ) = null ) {,124
( + ( int ) ( ( ) + ) ) ;,124
= ( ( ) ( ) ( ) ( ) ) ;,125
= ( ) ( ) get ( ) get ( ) ;,125
[ ] ( ) ;,125
[ ] = [ ] + [ ] ;,125
int = + + ;,125
if ( > [ ] ( ) < [ ] ( ) + [ ] ( ) > [ ] ( ) < [ ] ( ) + [ ] ( ) ) {,125
= ( ) ( ) ( ) ( ) ;,125
= ( ( ( ) ) ( ) ( ) ) ;,125
int = ( int ) ( ) + ;,125
( ( ) + + ( ) ( ) ) ;,125
if ( ( ) = = + ),125
if ( ( ) ( ) ( ) ( ) ) {,125
int ;,125
} while ( ( ) < ( ) > = ) ;,125
= ( ( ) ( ) ( ) ) ;,125
= ( ) ( ) ( ) get ( ) ;,125
{ ( ) ; } ( ) { ( ) ; ( ) ; },125
int = ( + ) = = ;,125
= new ( new ( new ( + ) ) ) ;,125
if ( [ length ] ( ( length ) ) ),125
while ( = = = = ),125
int [ ] [ ] = { { } { } { } { } } ;,126
while ( = ( = ( ) ) ) {,126
[ ] [ ] ( ) ;,126
( + + + + + ) ; },126
[ + ] = [ ] + ;,126
= ( + + ),126
( + [ ] + + ) ;,126
int = ( + ) + ( ) ;,126
string = new string ( ( ( ) ) ) ;,126
map [ ] [ ] ( ) ;,126
while ( ) + + ;,126
if ( ( ( ) = = ) ( ( ) = = ) ) {,126
while ( ( = ( ) ) = null ) {,126
if ( ( ( ) ) = = ( ( ) ) ) {,126
( ( ) ( ) ) ( ) ;,126
( + ( + ) + + ( ( ) ) ) ;,126
while ( ( ) ( ) < = ),126
if ( ( ) ( ) ( ) ) {,126
( + + + ( ) + + + ) ;,126
for ( int = ; < [ ] length ; + + ),126
while ( ( < ( ) < ( ) ) ) {,126
: while ( ) {,126
( ) ( ( + ( ) ( ) + ) ( ) ) ;,127
+,127
+ = + ( ) + + ( ) + ) ;,127
if ( ( ( int ) ( ) ( int ) ( ) ) ) {,127
if ( ( + + > ) ( + + > ) ),127
+ = + + + + ;,127
for ( int = ; < [ ] ; + + ),127
( ( ) ) ( ( + ( ( ) ( ) + ) ) ;,127
( ) ( ) ( ) ( ( + ( ) ( ) + + ( ) ( ) + + ( ) ( ) ) ( ) ) ;,127
( + ( ) + + + ( ) ) ;,127
while ( = ) {,127
( ) = new ( [ ] ( [ ] ) [ ] [ ] [ ] ) ;,127
int = ( [ ] [ ] ) ;,127
= ( int [ ] [ ] ) ( ) ;,127
( + + + + ) ;,127
( + ( ) + + ( ) + ) ;,127
out,127
} if ( > < ) {,127
while ( = null ) {,127
( + + + + +,128
( + + + + + + [ ] [ ] [ ] ) ;,128
: for ( int = ; < ; + + ),128
if ( [ ] ( ) < ) + + ;,128
( + + + ( + ) ) ;,128
if ( [ ] [ ] ( ) ),128
if ( ( ) = > ),128
[ + ] = [ ] ;,128
if ( ( ) > ( ( ) = ( ) ) ) {,128
if ( ( ) = null ( ) ( ) = null ( ) ( ) ( ) ) {,128
( ( ( int ) ( ( ) ) ) ( ( int ) ( ( ) ) ) ) ;,128
} if ( > ) {,128
if ( [ ] ( ) ),128
[ + ] = [ + ] ;,128
while ( [ ] = = [ ] ) {,128
while ( ( ) = = ) {,128
if ( ( ) ( ) = = ( ) ( ) = = ) {,128
if ( ( ) > = ),128
( ( ) ) ( ( ) ) ;,128
while ( = = ) ; {,128
if ( ( ) ( ) ( ( ) ) ( ) = = ) {,128
( + + ( ) ( ) + ( ) ( ) ) ;,129
int = + ( + ) ;,129
+ + + + ;,129
if ( ( ) ( ( ) ) ( ( ) ( ( ) ) ) ),129
for ( int = ; > ; ),129
while ( = = < = ( ) ),129
for ( ) {,129
[ ] = new ( ( + ( ) ) ( ),129
( [ ] [ ] ( [ + ] [ + ] ) ) ;,130
( ) ( ( ) ( ) ( ) ) ;,130
if ( ( ( ) ) get ( ) ( ( ) get ( ) ) > ) {,130
( ) ( ) ( ) ( ) ;,130
if ( ( ( ) ) ( = = null ) ),130
( + + + + + ) ;,130
if ( ( ) ( ) get ( ) get ( ) ( ) ),130
if ( ( ) ( ) ( ) ( ) ( ) ( ) ),130
[ ] ( ) ; <,130
if ( ( ( ) ) ( ) = = ),130
( ( ) ( ) ( ) ) ;,130
( new ( ( ) ( + + ) ) ) ;,130
if ( ( ) ( ) ( ) ( ) ),130
int = ( ( [ ] ) ( [ ] ) ( [ ] ) ( [ ] ) ( [ ] ) ( [ ] ) ( [ ] ) ) ;,130
( ( ) ( ) ( ) ( ) ) ;,130
if ( ( ( ) ) ( ) ( ( ) ) ( ),130
( [ ] [ ] ( ) + + [ ] [ ] ) ;,130
( ( ) get ( ) ( ) ) ;,130
( ( ) ) ( ) = = ),130
if ( [ ] < [ ] ),130
[ ] [ ] ( ( ) + ( ) ( ) + ( ) ) ;,130
} while ( = = ) ;,132
for ( int = < = + + ) {,132
if ( < ( ) ( ) < < ( ) ( ) < < ( ) ( ) < < ( ) ( ) < ( ) + ),132
for ( out = ; out < ; out + + ),132
( ( int ) ( ) ( int ) ( ) ( ) ) ;,132
( + [ ] + + [ ] + ) ;,132
while ( > ) { = ; },132
+ + + + + ;,132
if ( ( ) ( ) ( ) ),132
[ + + ] = [ ] [ ] ;,132
for ( int : ),132
if ( ( ) ( ) ( ) ( ),132
int int ),132
int = ( int ) ( ( ) + ) ;,133
( [ ] [ ] ( [ + ] [ ] ) ) ;,133
for ( int = ; < length ; + + ),133
+ ( ( ) ( ) ) ( ) ) ;,133
while ( ( ) ( ) > ) {,133
+ + +,133
= [ ] + + ( [ ] ( ) ) + + ( ( ) ) + + ;,133
if ( ( ) < ( ) < ( ) < ),133
( ( ) ( ) + + ( ) + + ( ) ) ;,133
( + + + + + + ) ;,133
while ( ( ( = ( ) ) = null ) ( ( = ( ) ) = null ) ( = = ) ),134
for ( int = + ; < ; + + ),134
for ( int = ; = = ; + + ),134
while ( ( = ( ( ) ) ) ( ) = = ) {,134
( + + + ( ) + + ( ) + + ) ;,134
( ( int ) ( ) ( int ) ( ) ) ;,134
for ( int = ; < ; + + ),134
for ( int = ; < + ; + + ),134
while ( ( ) = null ( ) ( ) < = ) ;,134
[ + + + ] = [ + ] ;,134
( + + [ ] + + [ ] + ) ;,134
int = ( + ) ;,134
while ( ( = ( ) ) > ) {,134
while ( > = ( ) ) {,135
if ( ( ) ( ) = = ( ( ) = ( ) = ) ),135
if ( = = ( = = ) ( = = ) ( = = ) ),135
[ ] = new ( ( ) ( ) ) ;,135
+ +,135
return ( new [ ( ) ] ) ;,135
( [ ] [ ] + + [ ] [ ] ) ;,135
for ( int = ; ; + + ),135
while ( ( ( ) ) ( ) ) {,135
if ( ( ) ( ) = = ( ( ) = ( ) = = null ) ),135
while ( = = null ),136
for ( int = ; < > ; + + ),136
while ( = null = null ),136
while ( = = ),136
while ( < = ( ) > ),136
while ( < ( ) ) {,136
while ( + + = ) {,136
if ( ( = = ) ( > = ) ( < = ) ( > = ) ( < = ) ),136
for ( int = ; > ; + + ),136
int = [ ] [ ] ;,136
( [ ] + [ ] + [ ] + [ ] + [ ] + ) ;,136
( + + new ( ) ( ) ) ;,137
int = [ ] ; [ ] = [ + ] ; [ + ] = ;,137
while ( ) {,137
+ = ( ( + + ) + + ( ) + + ( ) + + ( ) + ) ;,137
int = ( int ) ( ( ) ( ) + ( ) ( ) ) ;,137
for ( [ ] ; ; + + ),137
while ( < ( + ) ) {,137
= new int [ ] [ ] ;,137
( + + + + + + + + + ) ;,137
< int [ ] > = new < int [ ] > ( ) ;,137
( new ( ( + ) ) ) ;,137
while ( = < = ( ) =,137
( new [ ] { } ) ;,137
while ( ( = ( ) ) > = ) {,137
+ + + +,138
if ( ( ( ) ) ( ) = = ( ( ) ) ( ) = =,138
for ( string : ( ) ( ) ( ) ),138
( new [ ] { [ ] [ ] } ) ;,138
int = ( + + ) + ;,138
+ ( ) + ( ) + ( ) + + ( ) + ( ) + + ( ) + ( ) ;,138
if ( [ ] ( ),138
int = [ ] + [ ] ;,138
out = new ( new ( new ( ) ) ) ;,138
= ( new string ( ( ) ) ) ;,138
for ( ; < = ; + + ),139
if ( = = ( int ) < = > = ),139
if ( ( ) length ( ) = = ( ) ( ) ),139
int [ ] = new int [ ( ) ] ;,139
for ( < + + ) {,139
( + ( ) + + + + ( ) ( ) + ) ;,139
( ) ( + new string [ ] { ( ( ) ) } ) ;,139
return ( ( ) + + ( ) ( ) ),139
for ( = ; < ; ),139
for ( = ; < ; + + ),139
if ( [ ] ( ) = = ),140
while ( ( ) > ) {,140
return ( [ ] + + [ ] + + [ ] + + [ ] + + [ ] + + [ ] + + [ ] + + [ ] + + [ ] + + [ ] + + [ ] + + [ ] + + [ ] + ) ;,140
int = ( int ) ( ( ( ),140
= + + ( ) + + ( ) + + ( ) + + ( ) + + ( ) + + ( ) + + ( ) ;,140
} if ( ( ) [ ] = = ) {,141
while ( = = = = ) {,141
( ) ( ) ( ) ( ) ),141
( ( ) ) ( ) ( ( ) ) ( ) ),141
( ( ( ) ( ) ( ) ( ),141
( ) ( ) ( ) ( ) ( ),141
if ( > = [ ] < = [ ] + [ ] > = [ ] < = [ ] + [ ] ) {,141
( ) ( ) ( ) ( ),141
while ( < ( ) ),142
( ) ( new ( ( + ) ) ) ;,142
} if ( [ ] = = [ ] ) {,142
if ( ( ) ( [ ] ) = = ) {,143
< < string string [ ] > > = ( ) ( ) ;,143
} while ( < > ) ;,143
} if ( ( [ ] ) < ( ) ) {,143
if ( ( ) ( ) ( ) ( ) > ),143
while ( ( ) < ( ) ( ) ) {,143
while ( ( ( ( ) ) ( ( ) ) ( ( ) ) ( ( ) ) ) ),143
} while ( < ) {,145
while ( [ ] > [ ] > ) {,146
if ( [ ] [ ] ( ) = = [ ] [ ] ( ) = = ) {,146
int [ ] = new int [ [ ] length ] ;,146
int [ ] [ ] = new int [ ] [ ] ;,146
if ( [ + ] = ( ( [ ] ) + ) ) {,146
} while ( < ) ;,146
int int int int ) {,146
return + ( ) + + ( ) + ( ) + ( ) +,146
int = ( int ) ( ( ) ( ( + ),147
while ( ( ) > < ) {,147
} if ( [ ] ( ) ( ) ) {,147
< string [ ] > = new < string [ ] > ( ) ;,148
while ( ( ) < = ) {,148
= new ( new ( ( ) ( ) ) ) ;,148
if ( [ ] = = [ + ] = = ) {,148
if ( ( ) = = [ ] [ ] ) {,148
if ( ( ) = = [ ] ) {,148
int [ ] = new int [ ] ;,148
return new ( new < > ( ) new < > ( ) ) ;,150
= new ( ( ) ( ) ) ;,150
if ( [ ] = = [ ] = = ) {,150
for + + return,150
for ( int = = ; < ; + + ) ( ) ;,151
int = ( int ) ( ( ) ( ),151
= new ( new ( ( int ) ) ) ;,151
if ( [ ] + [ ] + [ ] = = ) {,152
for ( int = ( ) ; > = ( ) ; ),152
< string string [ ] > = ( ) ;,152
for ( : int : ) {,152
if ( ( int ) ( ) = ( int ) ( ) = ),152
= new ( new ( ( ) ) ) ;,153
} if ( [ ] = [ ] ) {,153
if ( ( ) [ ] = = ) {,153
} while ( = ) ;,154
if ( ( [ ] ) ) {,154
while ( < = > = ),154
while ( ( > < = ) ) {,154
if ( [ ( int ) ] > [ ( int ) ] ) {,154
if ( [ ] < = ( + ) ) {,155
= ( new ( ( ) ) ) ;,155
if ( [ ] = = [ ] = ) {,155
= new ( ( ( ) ) ) ;,155
} while ( > = < ) ;,155
if ( [ ] [ ] [ ] = null [ ] [ ] [ ] = ) {,155
while ( > = ),155
< string > = ( [ ] ) ;,156
if ( = = [ ] [ ] ) {,156
while ( = = null ) {,156
if ( [ ] = = [ ] ) {,156
while ( = = ) {,156
if ( [ ] [ ] ( ) ( ) ) {,159
for ( int = ; ( = ( ) ) = ; + + ),159
for ( int : ) {,159
if ( [ ] ( ) ( ) ) {,159
for ( = ; < ( ) ; + + ) ;,159
= new ( ( ) ( ) ( ) ( new ( ) ) ( ) ) ;,160
= new ( ) ( ) ( ) ;,160
( new ( ) ( ) ) ;,160
map < string > = new < string > ( ( ) ) ;,160
while ( + + < ) {,160
( new ( ( ) ( ) ) ) ;,161
if ( [ ] ( ( ) ) ) {,161
int,161
( ) ( new ( ( ) ( ) ) ) ;,161
= new ( ( ) ( ) ( ) ) ;,161
if ( [ ] = = ) {,162
while ( > ),162
} if ( [ ] < [ ] ) {,162
while ( < length ) {,162
if ( [ ] [ ] = = ) {,162
if ( [ ] = = null ) {,162
if ( [ ] [ ] ( ) = = ) {,163
if ( [ ] ( ) = = null ) {,163
if ( [ ] ( ) = = ) {,163
} while ( < = ) ;,163
if ( [ length ] ( ( length ) ) ) {,163
while ( < = < = < = < = < = < = < = < = ) {,164
if ( [ ] > [ ] ) {,164
if ( [ ] [ ] [ ] > [ ] [ ] ) {,164
if ( > [ ] ) {,165
if ( [ ] > ) {,165
= new ( new ( ) ) ( ) ;,166
while ( < ) {,166
< < string string > > = ( ) ( ) ;,166
if ( [ ] length > ) {,166
if ( [ ] < = ) {,166
if ( [ ] [ ] < ( [ ] [ ] ) ) {,166
for ( : new < > ( ) { < > ( ) { return ( ) ; } } ) {,167
while ( < > < > ) ;,167
< map < string string > > = new < map < string string > > ( ) ;,168
if ( [ ] [ ] ( ) ) {,169
if ( [ ] [ ] ( [ ] ) ) {,169
while ( + + < = ) {,169
if ( [ ] [ ] ( ) = ) {,169
if ( [ ] > [ + ] ) {,169
< < string > > = new < < string > > ( ) ;,170
( ( new ( ) ) ) ;,170
( new ( ( ) ) ) ;,170
while ( > < > < ),170
for,170
< < map < string string > > > = new < < map < string string > > > ( ) ;,170
if ( [ ] < ) {,170
if ( [ ] ( ) ) {,170
for ( int = + ; < ( ) ; + + ),170
while ( < > ) ;,172
return ( new [ ] ) ;,172
for ( int = ; < ( ) ( ) ; + + ),173
for ( < string string > : ( ) ) {,173
for ( map < string string > : ( ) ) {,173
while ( > > ) {,174
while ( > = ) {,176
for ( int = ( ) ; > = ; ),176
map < string string > = new < string string > ( ) ;,176
while ( < > ),177
< string > = new < string > ( ) ;,178
< string > map = new < string > ( ) ;,178
for ( int = ; < ( + ) ; + + ),178
while ( length > ) {,179
if ( < [ ] ) {,179
while ( < = < = ) {,180
while ( < = = ) {,180
{ while ( > ) {,180
while ( > ) {,181
for ( : new < > ( ( ) ) ) {,182
for ( ; ; ),182
for ( < string > : ( ) ) {,182
while ( > = < = ) {,183
if ( [ ] [ ] [ ] = ) {,183
if ( [ ] = ) {,185
int [ ] [ ] ;,186
if ( [ ] ) {,187
while ( < = ) {,188
for ( int = ; > ( ) ; ),190
for ( int = ; < ( ) ; + + ),192
for ( int = ; < ( ) length ; + + ),192
for ( string : ( ) ) {,193
for ( int = + = + ; ; + = + = ) {,193
< string string > = ( ) ;,193
while ( < ) ;,195
while ( < = ),195
map < string > = new < > ( ) ;,200
< string > = new < > ( ) ;,200
for ( < > : ( ) ) {,203
for ( < > = ( ) ; ( ) ; ),204
while ( < ),204
for ( = ( ) ; = null ; ( ) ),205
for ( < > = [ ( ) ] ;,209
< string > = ( ) ;,211
for ( int = + ; > = ; ) {,217
for ( int = ; < ( ) ;,218
for ( : ( ) ) {,224
for ( int = ; < [ ] [ ] length ; + + ) {,229
for ( int = ; < [ ] length ; + + ) {,229
for ( int = ; < [ ] ; + + ) {,230
for ( int = ; < ( ) ; + + ) ; {,230
for ( = ; < ( ) ; + + ),234
for ( int = ; = = ; + + ) {,239
for ( int = ; > = ; + + ) {,239
for ( int = ; > = ( ) ; + + ) {,245
for ( int = ; > = ; ) {,248
for ( int = ; < ( ) ( ) ( ) ; + + ) {,250
for ( int = ; = null < ; + + ) {,252
for ( = ; ( ( ( ) > ) ( ( ) ) ) ; = ( new ( ) ) ) { },255
for ( int = ; < + ; + + ) {,257
for ( int = + ; < ; + + ) {,257
for ( int = ; > = ( ) ; ) {,258
for ( int = ; ( ) = = ; + + ) {,259
for ( int = ( ) ; = ; = ( ) ) {,261
for ( int = ; < ( ) ( ) ; + + ) {,262
for ( int = ; < ( ) length ( ) ; + + ) {,262
: for ( int = ; < ; + + ) {,265
for ( int = ; < = ; + + ) ;,266
for ( int = ( int ) ; > = ; = ) {,267
for ( int = ; < ( ( ) ) ; + + ) {,270
for ( int = ; > ; + + ) {,272
for ( int = ; > ( ) ; + + ) {,273
for ( = ; < [ ] length ; + + ) {,274
for ( int = ( ) ; > = ; ) {,274
< string > = new < string > ( ) {,280
< map < string string > = new < map < string string > ( ),281
< for ( int = ; < ; + + ) { >,283
for ( int = ; < ; ( + ) ) {,290
for ( string ; ( = ( ) ) = null ; ) {,292
for ( int = ; > ( ) ; ) {,294
for ( int = ; > ; = ) {,296
for ( int = ; ; ; + + ) {,297
for ( int = ; > ; ) {,298
for ( int = ; < length ; + + ) {,298
for ( int = ( int ) ; > ; = ) {,298
for ( int = ; < ; + + ) { <,299
for ( int = ; < ; + + ) {,299
for ( int = ; < ( ) ; + + ) {,300
for ( int = ( ) ; < ; + + ) {,300
for ( int = ; < = ( ( ) ) ; + + ),303
for ( ( ) ; ( ) ; ( ) ) {,305
for ( = ( ) ( ) ; ( ) ; ) {,307
for ( int = ; < [ ] = = ; + + ) {,313
for ( ; = null ; = ( ) ( ) ) {,318
for ( = + ; < ; + + ) {,321
for ( < > = ( ) ; ( ) ; ) {,326
for ( int = ; < = + ; + + ),329
for ( int = ; < = ( ) ; + + ),330
for ( = ; > = ; ) {,340
for ( int = ; < ; ) {,343
for ( = ; > ; + + ) {,353
for ( = ; = ; ) {,371
for ( = ; < ( ) ; + + ) {,374
for ( int = ; < = ( ) ; + + ) {,375
for ( int = ( ( ) ) ; < = ; ) {,380
for ( = ; ( ( ( ) < ) ( ( ) ) ) ; = ( new ( ) ) ) { },382
for ( int = ; < = + ; + + ) {,384
for ( = ; < ; + + ) {,387
for ( int = ; < = ; + + ),387
for ( = ; ( < = > = ) ; + + ),398
for ( int = ; < = = null ; + + ) {,405
for ( int = ; < = ; + = ),409
for ( int = ; < ( ( ) ) ; = + ) {,412
for ( > ; < ( ) ; ) {,432
for ( int = ; < = ; + + ) {,442
for ( int = ; < = ; = + ),445
for ( int = ; < ( ) ; + = ) {,446
for ( ; < ; + + ) {,448
for ( int = ; < = ; + = ) {,462
for ( = ; < = ( ) ; + + ) {,470
for ( int = = ; < ; + = ) {,493
for ( int = ; < = ; = ) {,493
for ( = ; < = ; + + ),501
: for ( ; ; ) {,506
for ( = ; ; ) {,507
for ( = ; < ; ) {,509
for ( = ; < = ; + = ),553
for ( int = ; < ; + = ) {,583
for ( = ; < = ; + + ) {,585
for ( = ; < ; = ( ) + ) {,602
for ( = ; < = ; + = ) {,635
for ( int = ; < ; = + ) {,640
for ( ; ; ) {,648
for ( = ; < = ; = + ) {,712
for ( = ; < ; = + ) {,954
for ( = ; < ; = ),1000
