connection,24.106977
message,41.369442
format,44.79136
getinputstream,49.12796
org,48.81071
error,51.02813
output,59.771004
conn,59.771004
getbytes,62.178234
response,62.26716
long,65.875626
float,67.249306
process,67.249306
source,68.97529
runnable,72.201
getwidth,72.78034
core,74.042854
getoutputstream,73.07352
username,74.96075
getheight,75.428276
connect,78.70065
sql,80.2677
preparedstatement,82.08371
field,83.8867
void,84.867836
java,86.67354
column,88.706604
web,87.95394
by,89.91574
interruptedexception,90.7025
default,95.72823
exists,94.85229
bitmap,97.79245
openconnection,97.79245
status,99.81018
exit,102.05626
uri,103.07102
run,102.272026
param,102.4887
params,104.10617
11,107.18169
lang,108.3015
byte,112.76146
ioexception,119.4928
max,119.54201
getinstance,121.61229
statement,124.037605
getconnection,124.143715
tag,124.25
debug,124.46312
parse,125.539795
timer,125.539795
25,126.414635
driver,128.20142
borderlayout,129.34402
num,133.38603
password,134.74838
jsonobject,134.12569
throws,135.96877
ex,137.08186
container,136.13884
load,138.4771
bufferedwriter,138.21333
url,137.90686
httpurlconnection,138.21333
awt,137.29802
catch,139.52167
parseint,141.44638
resultset,142.93237
json,143.12032
bean,144.25845
entity,145.56068
catalina,145.56068
foo,147.48373
root,147.03546
$,148.84512
factory,148.38855
read,150.48112
path,152.28122
runtimeexception,152.1216
as,152.7621
bufferedimage,152.7621
xmlns,152.1216
try,153.68053
drawable,154.05945
request,153.27841
exception,157.81209
1000,157.23077
min,156.38362
classnotfoundexception,157.74348
setcolor,158.43231
apache,158.77899
method,159.01096
file,160.89134
con,160.35802
beans,159.8282
write,162.2706
thread,162.45224
createquery,161.60802
getstring,164.26033
sleep,165.66667
500,166.04576
printstacktrace,165.37003
context,167.57968
preparestatement,166.61768
year,170.73412
com,170.0838
create,169.33955
putextra,171.94786
key,171.74438
12,174.21849
*,175.89148
session,175.55322
math,175.27054
is,176.89421
cursor,178.285
level,177.41321
stmt,177.12448
setdefaultcloseoperation,178.72414
jframe,179.60892
drivermanager,181.63203
buffer,182.92941
requestmapping,182.92941
setcontenttype,184.16751
40,184.63614
os,186.77478
inputstream,186.82288
toast,190.45145
gettime,190.45145
listfiles,189.45692
createstatement,190.7017
class,191.82199
rows,192.47215
startactivity,194.27577
entryset,194.01604
ctx,193.49867
loader,193.49867
or,194.5362
getclass,195.05914
stack,196.64499
finally,198.61862
getresources,197.71661
target,198.8
getsystemservice,198.25684
month,199.89531
frame,204.63057
call,205.55807
getmessage,206.61162
color,205.75237
logger,207.91405
maketext,209.1124
type,210.93605
var,211.55103
exit_on_close,212.16959
obj,214.8924
length_short,215.3175
sort,215.95833
writer,216.11914
parameters,215.3175
panel,218.23158
length_long,217.2515
numbers,217.9039
suppresswarnings,217.2515
jersey,219.22055
df,221.22562
event,221.3606
filereader,222.58282
found,222.58282
severe,227.46709
collections,228.9022
files,228.18239
executequery,229.8084
jscrollpane,231.82747
product,231.82747
persistence,234.07097
post,234.82848
action,234.44911
answer,237.13072
23,236.3583
double,236.66666
em,239.47855
title,242.68228
100,242.19626
entry,244.15208
getlogger,244.7285
isdirectory,245.97289
renderer,245.97289
setpreferredsize,245.97289
requestmethod,245.69527
valueof,247.65187
android,248.16006
movetofirst,250.21379
version,250.79031
args,251.36952
close,252.98126
getint,252.38957
setrequestmethod,254.60352
seticon,254.60352
query,254.09404
date,254.98695
clazz,254.60352
number,256.10117
illegalargumentexception,255.95062
from,255.80023
controller,259.15
35,258.22775
setstring,259.15
getparameter,261.01437
relativelayout,261.95667
jpanel,263.86182
sqlexception,262.9058
bitmapfactory,265.79486
setrequestproperty,264.82483
compareto,266.1198
setheader,266.77206
line,268.0037
stop,270.75372
of,269.99814
xml,272.78946
javax,271.9715
flush,273.20032
encoding,276.42667
46,280.16217
scanner,283.77786
ps,283.4453
setproperty,283.4453
pass,285.67715
util,285.228
setdooutput,285.67715
case,285.4524
fileoutputstream,287.7161
getstatus,290.248
base64,290.248
bufferedreader,293.89227
res,293.77325
db,296.65576
err,295.8695
setlayout,296.17142
inputstreamreader,299.13663
at,300.83746
13,302.97287
log,303.0994
content,304.88235
name,305.55804
the,315.09555
synchronized,314.12122
keyevent,313.66858
window,313.44278
counter,316.1743
position,316.51907
bytearrayoutputstream,316.86462
getabsolutepath,321.7827
system,324.3256
@,329.63394
throw,332.1606
center,333.61838
equalsignorecase,334.90152
getcontent,335.15936
main,336.7146
text,338.02176
out,340.03827
gettext,341.5687
tobytearray,341.46823
swing,343.3533
},343.9666
red,344.7126
fos,343.89575
getname,345.0278
println,345.3602
jbutton,347.18658
setbounds,347.18658
super,347.33768
menu,349.69638
filenotfoundexception,350.96494
switch,350.25903
this,352.08734
32,354.82642
?,358.57233
getvalue,358.154
printwriter,361.60464
200,362.20633
show,361.60464
one,363.7193
in,365.9382
getsession,365.55164
getkey,367.71283
on,369.27228
commit,370.84497
documentbuilderfactory,371.16113
values,370.97137
application,373.0694
array,372.93246
jlabel,374.67468
st,378.32117
dimension,378.91385
readline,381.13373
open,382.40845
nextline,387.3416
14,386.99734
queue,388.03207
settext,392.22702
setvisible,394.3587
to,394.83554
and,397.6
hash,398.69232
getresource,399.79062
intent,401.07965
override,403.94904
get,404.90085
parsedouble,407.65167
fis,407.65167
br,406.73767
|,407.78644
reader,408.90472
draw,408.8
integer,409.21497
view,412.2841
package,414.64
image,421.2598
30,420.64926
pos,421.8721
setname,421.8721
length-1,429.36096
doc,428.51575
executeupdate,427.67386
newinstance,426.83527
20,429.7848
id,430.99573
here,430.635
object,432.34558
print,433.0213
fileinputstream,433.63745
imageview,435.37198
listener,439.76968
put,439.93634
gson,439.76968
findviewbyid,445.16565
property,444.25714
new,449.38412
getx,449.9969
value,453.7488
md,456.36478
s2,456.36478
numberformatexception,457.8044
save,459.25314
s1,458.28632
with,461.19916
body,460.22412
extends,460.71112
matches,462.17834
consumes,463.65494
start,463.2849
servletexception,463.65494
document,465.141
addview,468.14194
transaction,469.15088
builder,469.15085
gety,470.41815
bytes,473.23047
folder,475.8164
test,477.95328
label,480.54306
(,484.10004
),485.0
paint,484.82404
string,486.70016
;,488.59152
break,489.25073
no,490.28378
layoutparams,490.2838
dispose,491.39053
icon,493.61905
rs,494.74094
oncreate,497.0
10,498.8984
=,500.07568
token,500.42758
produces,500.42758
textview,502.15915
savedinstancestate,502.50696
entitymanager,502.15918
assert,502.15918
[,503.96643
{,503.55075
true,504.6926
filter,505.07196
],507.78168
hasnextline,511.0
style,512.80566
imageicon,513.4104
cal,514.6241
req,515.84357
onclicklistener,516.19305
null,520.63214
hashmap,525.33575
map,530.0569
isselected,531.5897
jtextfield,531.5897
gettype,533.5441
filewriter,532.7607
setonclicklistener,536.9281
tostring,542.0627
-,550.6823
getattribute,549.7121
:,552.61804
textarea,551.8023
blue,556.03064
showmessagedialog,555.72644
count,557.38965
containskey,558.16925
insert,559.6041
+,561.8652
do,561.6254
cell,562.4961
mediatype,563.36957
row,565.56506
getdata,565.4182
listview,566.8906
example,571.3543
static,576.39716
collection,575.8889
user,576.5929
first,577.7229
address,582.82733
model,589.93494
return,592.88434
getapplicationcontext,594.7705
while,593.9794
addactionlistener,604.6833
false,606.62115
int,612.8998
state,620.188
canvas,621.51605
location,623.3849
add,637.24963
getcontentpane,636.5088
motionevent,640.72406
else,640.54736
layout,641.3848
calendar,646.432
final,649.50604
find,657.94556
>,659.1131
val,661.15717
!,678.922
%,683.47253
input,685.17267
stream,688.444
filename,688.0423
dataoutputstream,691.06665
-1,692.887
linearlayout,693.2675
matcher,694.3732
compile,696.5952
<,699.1521
item,702.87976
if,704.7456
evt,706.7727
begintransaction,709.07495
nextint,712.8898
form,717.01587
startswith,720.8146
clear,719.86115
18,723.2093
toarray,724.1717
element,725.62
check,728.0469
second,728.0469
rd,728.0469
tv,735.42566
setenabled,736.67004
indexof,738.2762
actionlistener,739.67377
joptionpane,739.297
public,742.59357
pack,745.5
component,746.9618
boolean,753.3154
result,757.3073
parser,759.0167
instanceof,763.8105
&,766.65875
getsource,769.2085
400,774.6832
keyset,778.1448
list,782.3693
arraylist,788.9039
table,792.2633
getid,793.02734
setadapter,797.3846
rectangle,797.3846
person,799.141
assertequals,800.31616
getselecteditem,801.79004
data,803.2694
group,804.75415
setcontentview,807.3658
scan,809.61786
width,808.69507
pattern,813.0196
columns,815.30334
page,818.98425
setbackground,824.5681
split,828.44464
right,829.9575
success,830.86255
equals,832.706
for,839.14636
append,843.7442
abs,853.67053
sc,856.6942
tolowercase,872.1394
length,877.6015
info,885.62244
ch,898.60065
substring,898.7471
getlength,912.72955
height,912.7296
char,917.97815
end,934.7762
touppercase,954.7632
left,963.2124
tree,967.49335
trim,972.2071
display,980.5676
e1,990.3003
stringbuilder,1002.58374
datainputstream,1004.31836
size,1050.0792
tochararray,1091.1578
manager,1091.1578
tmp,1101.8091
child,1109.5107
keys,1116.3385
that,1122.0928
rand,1138.2274
validate,1138.2274
all,1142.7087
col,1143.9955
description,1155.4458
button,1161.9215
arrays,1170.3547
i--,1174.1423
board,1177.9546
index,1189.541
point,1204.3485
baos,1206.0166
parent,1213.4114
header,1282.6616
len,1285.9088
jtable,1286.5602
linkedlist,1327.3538
continue,1343.7407
console,1369.0944
customer,1379.5057
set,1386.0156
hasnext,1388.7465
stringbuffer,1404.4258
urlconnection,1407.4526
charat,1430.5221
contains,1467.1339
arr,1491.7299
isempty,1511.7084
vector,1535.7037
random,1536.9877
items,1555.9104
adapter,1562.8738
shell,1618.4834
next,1646.8213
sb,1662.0347
temp,1663.8938
getmodel,1674.5078
node,1687.4883
copy,1687.4884
it,1729.3823
bar,1827.1006
replace,1827.1006
word,1966.7303
ret,2001.7103
repaint,2031.7358
current,2062.6763
iterator,2104.9731
delete,2116.3916
editor,2127.918
str,2135.2783
addall,2155.307
aslist,2267.5625
words,2638.6182
iter,2687.4814
hashset,2806.2651
character,2807.4583
names,2871.1582
replaceall,2964.3447
head,3259.621
swt,3658.5884
remove,8054.9863
